Relative_Compactness,Surface_Area,Wall_Area,Roof_Area,Overall_Height,Orientation,Glazing_Area,Glazing_Area_Distribution,Heating_Load,Cooling_Load
1.5593220338983054,-1.1818181818181819,-0.5,-0.9230769230769231,0.5,-1.0,-0.8333333333333333,-1.3333333333333333,15.55,21.33
1.5593220338983054,-1.1818181818181819,-0.5,-0.9230769230769231,0.5,-0.3333333333333333,-0.8333333333333333,-1.3333333333333333,15.55,21.33
1.5593220338983054,-1.1818181818181819,-0.5,-0.9230769230769231,0.5,0.3333333333333333,-0.8333333333333333,-1.3333333333333333,15.55,21.33
1.5593220338983054,-1.1818181818181819,-0.5,-0.9230769230769231,0.5,1.0,-0.8333333333333333,-1.3333333333333333,15.55,21.33
1.0169491525423733,-0.8181818181818182,0.0,-0.7692307692307693,0.5,-1.0,-0.8333333333333333,-1.3333333333333333,20.84,28.28
1.0169491525423733,-0.8181818181818182,0.0,-0.7692307692307693,0.5,-0.3333333333333333,-0.8333333333333333,-1.3333333333333333,21.46,25.38
1.0169491525423733,-0.8181818181818182,0.0,-0.7692307692307693,0.5,0.3333333333333333,-0.8333333333333333,-1.3333333333333333,20.71,25.16
1.0169491525423733,-0.8181818181818182,0.0,-0.7692307692307693,0.5,1.0,-0.8333333333333333,-1.3333333333333333,19.68,29.6
0.7457627118644069,-0.6363636363636364,-0.5,-0.46153846153846156,0.5,-1.0,-0.8333333333333333,-1.3333333333333333,19.5,27.3
0.7457627118644069,-0.6363636363636364,-0.5,-0.46153846153846156,0.5,-0.3333333333333333,-0.8333333333333333,-1.3333333333333333,19.95,21.97
0.7457627118644069,-0.6363636363636364,-0.5,-0.46153846153846156,0.5,0.3333333333333333,-0.8333333333333333,-1.3333333333333333,19.34,23.49
0.7457627118644069,-0.6363636363636364,-0.5,-0.46153846153846156,0.5,1.0,-0.8333333333333333,-1.3333333333333333,18.31,27.87
0.47457627118644047,-0.45454545454545453,0.0,-0.46153846153846156,0.5,-1.0,-0.8333333333333333,-1.3333333333333333,17.05,23.77
0.47457627118644047,-0.45454545454545453,0.0,-0.46153846153846156,0.5,-0.3333333333333333,-0.8333333333333333,-1.3333333333333333,17.41,21.46
0.47457627118644047,-0.45454545454545453,0.0,-0.46153846153846156,0.5,0.3333333333333333,-0.8333333333333333,-1.3333333333333333,16.95,21.16
0.47457627118644047,-0.45454545454545453,0.0,-0.46153846153846156,0.5,1.0,-0.8333333333333333,-1.3333333333333333,15.98,24.93
0.27118644067796643,-0.2727272727272727,0.5,-0.46153846153846156,0.5,-1.0,-0.8333333333333333,-1.3333333333333333,28.52,37.73
0.27118644067796643,-0.2727272727272727,0.5,-0.46153846153846156,0.5,-0.3333333333333333,-0.8333333333333333,-1.3333333333333333,29.9,31.27
0.27118644067796643,-0.2727272727272727,0.5,-0.46153846153846156,0.5,0.3333333333333333,-0.8333333333333333,-1.3333333333333333,29.63,30.93
0.27118644067796643,-0.2727272727272727,0.5,-0.46153846153846156,0.5,1.0,-0.8333333333333333,-1.3333333333333333,28.75,39.44
0.06779661016949161,-0.09090909090909091,2.0,-0.7692307692307693,0.5,-1.0,-0.8333333333333333,-1.3333333333333333,24.77,29.79
0.06779661016949161,-0.09090909090909091,2.0,-0.7692307692307693,0.5,-0.3333333333333333,-0.8333333333333333,-1.3333333333333333,23.93,29.68
0.06779661016949161,-0.09090909090909091,2.0,-0.7692307692307693,0.5,0.3333333333333333,-0.8333333333333333,-1.3333333333333333,24.77,29.79
0.06779661016949161,-0.09090909090909091,2.0,-0.7692307692307693,0.5,1.0,-0.8333333333333333,-1.3333333333333333,23.93,29.4
-0.06779661016949161,0.09090909090909091,-1.5,0.46153846153846156,-0.5,-1.0,-0.8333333333333333,-1.3333333333333333,6.07,10.9
-0.06779661016949161,0.09090909090909091,-1.5,0.46153846153846156,-0.5,-0.3333333333333333,-0.8333333333333333,-1.3333333333333333,6.05,11.19
-0.06779661016949161,0.09090909090909091,-1.5,0.46153846153846156,-0.5,0.3333333333333333,-0.8333333333333333,-1.3333333333333333,6.01,10.94
-0.06779661016949161,0.09090909090909091,-1.5,0.46153846153846156,-0.5,1.0,-0.8333333333333333,-1.3333333333333333,6.04,11.17
-0.27118644067796643,0.2727272727272727,-1.0,0.46153846153846156,-0.5,-1.0,-0.8333333333333333,-1.3333333333333333,6.37,11.27
-0.27118644067796643,0.2727272727272727,-1.0,0.46153846153846156,-0.5,-0.3333333333333333,-0.8333333333333333,-1.3333333333333333,6.4,11.72
-0.27118644067796643,0.2727272727272727,-1.0,0.46153846153846156,-0.5,0.3333333333333333,-0.8333333333333333,-1.3333333333333333,6.366,11.29
-0.27118644067796643,0.2727272727272727,-1.0,0.46153846153846156,-0.5,1.0,-0.8333333333333333,-1.3333333333333333,6.4,11.67
-0.4067796610169496,0.45454545454545453,-0.5,0.46153846153846156,-0.5,-1.0,-0.8333333333333333,-1.3333333333333333,6.85,11.74
-0.4067796610169496,0.45454545454545453,-0.5,0.46153846153846156,-0.5,-0.3333333333333333,-0.8333333333333333,-1.3333333333333333,6.79,12.05
-0.4067796610169496,0.45454545454545453,-0.5,0.46153846153846156,-0.5,0.3333333333333333,-0.8333333333333333,-1.3333333333333333,6.77,11.73
-0.4067796610169496,0.45454545454545453,-0.5,0.46153846153846156,-0.5,1.0,-0.8333333333333333,-1.3333333333333333,6.81,11.93
-0.6101694915254237,0.6363636363636364,0.0,0.46153846153846156,-0.5,-1.0,-0.8333333333333333,-1.3333333333333333,7.18,12.4
-0.6101694915254237,0.6363636363636364,0.0,0.46153846153846156,-0.5,-0.3333333333333333,-0.8333333333333333,-1.3333333333333333,7.1,12.23
-0.6101694915254237,0.6363636363636364,0.0,0.46153846153846156,-0.5,0.3333333333333333,-0.8333333333333333,-1.3333333333333333,7.1,12.4
-0.6101694915254237,0.6363636363636364,0.0,0.46153846153846156,-0.5,1.0,-0.8333333333333333,-1.3333333333333333,7.1,12.14
-0.7457627118644069,0.8181818181818182,0.5,0.46153846153846156,-0.5,-1.0,-0.8333333333333333,-1.3333333333333333,10.85,16.78
-0.7457627118644069,0.8181818181818182,0.5,0.46153846153846156,-0.5,-0.3333333333333333,-0.8333333333333333,-1.3333333333333333,10.54,16.8
-0.7457627118644069,0.8181818181818182,0.5,0.46153846153846156,-0.5,0.3333333333333333,-0.8333333333333333,-1.3333333333333333,10.77,16.75
-0.7457627118644069,0.8181818181818182,0.5,0.46153846153846156,-0.5,1.0,-0.8333333333333333,-1.3333333333333333,10.56,16.67
-0.88135593220339,1.0,1.0,0.46153846153846156,-0.5,-1.0,-0.8333333333333333,-1.3333333333333333,8.6,12.07
-0.88135593220339,1.0,1.0,0.46153846153846156,-0.5,-0.3333333333333333,-0.8333333333333333,-1.3333333333333333,8.49,12.22
-0.88135593220339,1.0,1.0,0.46153846153846156,-0.5,0.3333333333333333,-0.8333333333333333,-1.3333333333333333,8.45,12.08
-0.88135593220339,1.0,1.0,0.46153846153846156,-0.5,1.0,-0.8333333333333333,-1.3333333333333333,8.5,12.04
1.5593220338983054,-1.1818181818181819,-0.5,-0.9230769230769231,0.5,-1.0,-0.4999999999999999,-0.8888888888888888,24.58,26.47
1.5593220338983054,-1.1818181818181819,-0.5,-0.9230769230769231,0.5,-0.3333333333333333,-0.4999999999999999,-0.8888888888888888,24.63,26.37
1.5593220338983054,-1.1818181818181819,-0.5,-0.9230769230769231,0.5,0.3333333333333333,-0.4999999999999999,-0.8888888888888888,24.63,26.44
1.5593220338983054,-1.1818181818181819,-0.5,-0.9230769230769231,0.5,1.0,-0.4999999999999999,-0.8888888888888888,24.59,26.29
1.0169491525423733,-0.8181818181818182,0.0,-0.7692307692307693,0.5,-1.0,-0.4999999999999999,-0.8888888888888888,29.03,32.92
1.0169491525423733,-0.8181818181818182,0.0,-0.7692307692307693,0.5,-0.3333333333333333,-0.4999999999999999,-0.8888888888888888,29.87,29.87
1.0169491525423733,-0.8181818181818182,0.0,-0.7692307692307693,0.5,0.3333333333333333,-0.4999999999999999,-0.8888888888888888,29.14,29.58
1.0169491525423733,-0.8181818181818182,0.0,-0.7692307692307693,0.5,1.0,-0.4999999999999999,-0.8888888888888888,28.09,34.33
0.7457627118644069,-0.6363636363636364,-0.5,-0.46153846153846156,0.5,-1.0,-0.4999999999999999,-0.8888888888888888,26.28,30.89
0.7457627118644069,-0.6363636363636364,-0.5,-0.46153846153846156,0.5,-0.3333333333333333,-0.4999999999999999,-0.8888888888888888,26.91,25.6
0.7457627118644069,-0.6363636363636364,-0.5,-0.46153846153846156,0.5,0.3333333333333333,-0.4999999999999999,-0.8888888888888888,26.37,27.03
0.7457627118644069,-0.6363636363636364,-0.5,-0.46153846153846156,0.5,1.0,-0.4999999999999999,-0.8888888888888888,25.27,31.73
0.47457627118644047,-0.45454545454545453,0.0,-0.46153846153846156,0.5,-1.0,-0.4999999999999999,-0.8888888888888888,23.53,27.31
0.47457627118644047,-0.45454545454545453,0.0,-0.46153846153846156,0.5,-0.3333333333333333,-0.4999999999999999,-0.8888888888888888,24.03,24.91
0.47457627118644047,-0.45454545454545453,0.0,-0.46153846153846156,0.5,0.3333333333333333,-0.4999999999999999,-0.8888888888888888,23.54,24.61
0.47457627118644047,-0.45454545454545453,0.0,-0.46153846153846156,0.5,1.0,-0.4999999999999999,-0.8888888888888888,22.58,28.51
0.27118644067796643,-0.2727272727272727,0.5,-0.46153846153846156,0.5,-1.0,-0.4999999999999999,-0.8888888888888888,35.56,41.68
0.27118644067796643,-0.2727272727272727,0.5,-0.46153846153846156,0.5,-0.3333333333333333,-0.4999999999999999,-0.8888888888888888,37.12,35.28
0.27118644067796643,-0.2727272727272727,0.5,-0.46153846153846156,0.5,0.3333333333333333,-0.4999999999999999,-0.8888888888888888,36.9,34.43
0.27118644067796643,-0.2727272727272727,0.5,-0.46153846153846156,0.5,1.0,-0.4999999999999999,-0.8888888888888888,35.94,43.33
0.06779661016949161,-0.09090909090909091,2.0,-0.7692307692307693,0.5,-1.0,-0.4999999999999999,-0.8888888888888888,32.96,33.87
0.06779661016949161,-0.09090909090909091,2.0,-0.7692307692307693,0.5,-0.3333333333333333,-0.4999999999999999,-0.8888888888888888,32.12,34.07
0.06779661016949161,-0.09090909090909091,2.0,-0.7692307692307693,0.5,0.3333333333333333,-0.4999999999999999,-0.8888888888888888,32.94,34.14
0.06779661016949161,-0.09090909090909091,2.0,-0.7692307692307693,0.5,1.0,-0.4999999999999999,-0.8888888888888888,32.21,33.67
-0.06779661016949161,0.09090909090909091,-1.5,0.46153846153846156,-0.5,-1.0,-0.4999999999999999,-0.8888888888888888,10.36,13.43
-0.06779661016949161,0.09090909090909091,-1.5,0.46153846153846156,-0.5,-0.3333333333333333,-0.4999999999999999,-0.8888888888888888,10.43,13.71
-0.06779661016949161,0.09090909090909091,-1.5,0.46153846153846156,-0.5,0.3333333333333333,-0.4999999999999999,-0.8888888888888888,10.36,13.48
-0.06779661016949161,0.09090909090909091,-1.5,0.46153846153846156,-0.5,1.0,-0.4999999999999999,-0.8888888888888888,10.39,13.7
-0.27118644067796643,0.2727272727272727,-1.0,0.46153846153846156,-0.5,-1.0,-0.4999999999999999,-0.8888888888888888,10.71,13.8
-0.27118644067796643,0.2727272727272727,-1.0,0.46153846153846156,-0.5,-0.3333333333333333,-0.4999999999999999,-0.8888888888888888,10.8,14.28
-0.27118644067796643,0.2727272727272727,-1.0,0.46153846153846156,-0.5,0.3333333333333333,-0.4999999999999999,-0.8888888888888888,10.7,13.87
-0.27118644067796643,0.2727272727272727,-1.0,0.46153846153846156,-0.5,1.0,-0.4999999999999999,-0.8888888888888888,10.75,14.27
-0.4067796610169496,0.45454545454545453,-0.5,0.46153846153846156,-0.5,-1.0,-0.4999999999999999,-0.8888888888888888,11.11,14.28
-0.4067796610169496,0.45454545454545453,-0.5,0.46153846153846156,-0.5,-0.3333333333333333,-0.4999999999999999,-0.8888888888888888,11.13,14.61
-0.4067796610169496,0.45454545454545453,-0.5,0.46153846153846156,-0.5,0.3333333333333333,-0.4999999999999999,-0.8888888888888888,11.09,14.3
-0.4067796610169496,0.45454545454545453,-0.5,0.46153846153846156,-0.5,1.0,-0.4999999999999999,-0.8888888888888888,11.16,14.45
-0.6101694915254237,0.6363636363636364,0.0,0.46153846153846156,-0.5,-1.0,-0.4999999999999999,-0.8888888888888888,11.68,13.9
-0.6101694915254237,0.6363636363636364,0.0,0.46153846153846156,-0.5,-0.3333333333333333,-0.4999999999999999,-0.8888888888888888,11.69,13.72
-0.6101694915254237,0.6363636363636364,0.0,0.46153846153846156,-0.5,0.3333333333333333,-0.4999999999999999,-0.8888888888888888,11.7,13.88
-0.6101694915254237,0.6363636363636364,0.0,0.46153846153846156,-0.5,1.0,-0.4999999999999999,-0.8888888888888888,11.69,13.65
-0.7457627118644069,0.8181818181818182,0.5,0.46153846153846156,-0.5,-1.0,-0.4999999999999999,-0.8888888888888888,15.41,19.37
-0.7457627118644069,0.8181818181818182,0.5,0.46153846153846156,-0.5,-0.3333333333333333,-0.4999999999999999,-0.8888888888888888,15.2,19.43
-0.7457627118644069,0.8181818181818182,0.5,0.46153846153846156,-0.5,0.3333333333333333,-0.4999999999999999,-0.8888888888888888,15.42,19.34
-0.7457627118644069,0.8181818181818182,0.5,0.46153846153846156,-0.5,1.0,-0.4999999999999999,-0.8888888888888888,15.21,19.32
-0.88135593220339,1.0,1.0,0.46153846153846156,-0.5,-1.0,-0.4999999999999999,-0.8888888888888888,12.96,14.34
-0.88135593220339,1.0,1.0,0.46153846153846156,-0.5,-0.3333333333333333,-0.4999999999999999,-0.8888888888888888,12.97,14.5
-0.88135593220339,1.0,1.0,0.46153846153846156,-0.5,0.3333333333333333,-0.4999999999999999,-0.8888888888888888,12.93,14.33
-0.88135593220339,1.0,1.0,0.46153846153846156,-0.5,1.0,-0.4999999999999999,-0.8888888888888888,13.02,14.27
1.5593220338983054,-1.1818181818181819,-0.5,-0.9230769230769231,0.5,-1.0,-0.4999999999999999,-0.4444444444444444,24.29,25.95
1.5593220338983054,-1.1818181818181819,-0.5,-0.9230769230769231,0.5,-0.3333333333333333,-0.4999999999999999,-0.4444444444444444,24.31,25.63
1.5593220338983054,-1.1818181818181819,-0.5,-0.9230769230769231,0.5,0.3333333333333333,-0.4999999999999999,-0.4444444444444444,24.13,26.13
1.5593220338983054,-1.1818181818181819,-0.5,-0.9230769230769231,0.5,1.0,-0.4999999999999999,-0.4444444444444444,24.25,25.89
1.0169491525423733,-0.8181818181818182,0.0,-0.7692307692307693,0.5,-1.0,-0.4999999999999999,-0.4444444444444444,28.88,32.54
1.0169491525423733,-0.8181818181818182,0.0,-0.7692307692307693,0.5,-0.3333333333333333,-0.4999999999999999,-0.4444444444444444,29.68,29.44
1.0169491525423733,-0.8181818181818182,0.0,-0.7692307692307693,0.5,0.3333333333333333,-0.4999999999999999,-0.4444444444444444,28.83,29.36
1.0169491525423733,-0.8181818181818182,0.0,-0.7692307692307693,0.5,1.0,-0.4999999999999999,-0.4444444444444444,27.9,34.2
0.7457627118644069,-0.6363636363636364,-0.5,-0.46153846153846156,0.5,-1.0,-0.4999999999999999,-0.4444444444444444,26.48,30.91
0.7457627118644069,-0.6363636363636364,-0.5,-0.46153846153846156,0.5,-0.3333333333333333,-0.4999999999999999,-0.4444444444444444,27.02,25.63
0.7457627118644069,-0.6363636363636364,-0.5,-0.46153846153846156,0.5,0.3333333333333333,-0.4999999999999999,-0.4444444444444444,26.33,27.36
0.7457627118644069,-0.6363636363636364,-0.5,-0.46153846153846156,0.5,1.0,-0.4999999999999999,-0.4444444444444444,25.36,31.9
0.47457627118644047,-0.45454545454545453,0.0,-0.46153846153846156,0.5,-1.0,-0.4999999999999999,-0.4444444444444444,23.75,27.38
0.47457627118644047,-0.45454545454545453,0.0,-0.46153846153846156,0.5,-0.3333333333333333,-0.4999999999999999,-0.4444444444444444,24.23,25.02
0.47457627118644047,-0.45454545454545453,0.0,-0.46153846153846156,0.5,0.3333333333333333,-0.4999999999999999,-0.4444444444444444,23.67,24.8
0.47457627118644047,-0.45454545454545453,0.0,-0.46153846153846156,0.5,1.0,-0.4999999999999999,-0.4444444444444444,22.79,28.79
0.27118644067796643,-0.2727272727272727,0.5,-0.46153846153846156,0.5,-1.0,-0.4999999999999999,-0.4444444444444444,35.65,41.07
0.27118644067796643,-0.2727272727272727,0.5,-0.46153846153846156,0.5,-0.3333333333333333,-0.4999999999999999,-0.4444444444444444,37.26,34.62
0.27118644067796643,-0.2727272727272727,0.5,-0.46153846153846156,0.5,0.3333333333333333,-0.4999999999999999,-0.4444444444444444,36.97,33.87
0.27118644067796643,-0.2727272727272727,0.5,-0.46153846153846156,0.5,1.0,-0.4999999999999999,-0.4444444444444444,36.03,42.86
0.06779661016949161,-0.09090909090909091,2.0,-0.7692307692307693,0.5,-1.0,-0.4999999999999999,-0.4444444444444444,33.16,33.91
0.06779661016949161,-0.09090909090909091,2.0,-0.7692307692307693,0.5,-0.3333333333333333,-0.4999999999999999,-0.4444444444444444,32.4,34.07
0.06779661016949161,-0.09090909090909091,2.0,-0.7692307692307693,0.5,0.3333333333333333,-0.4999999999999999,-0.4444444444444444,33.12,34.17
0.06779661016949161,-0.09090909090909091,2.0,-0.7692307692307693,0.5,1.0,-0.4999999999999999,-0.4444444444444444,32.41,33.78
-0.06779661016949161,0.09090909090909091,-1.5,0.46153846153846156,-0.5,-1.0,-0.4999999999999999,-0.4444444444444444,10.42,13.39
-0.06779661016949161,0.09090909090909091,-1.5,0.46153846153846156,-0.5,-0.3333333333333333,-0.4999999999999999,-0.4444444444444444,10.46,13.72
-0.06779661016949161,0.09090909090909091,-1.5,0.46153846153846156,-0.5,0.3333333333333333,-0.4999999999999999,-0.4444444444444444,10.32,13.57
-0.06779661016949161,0.09090909090909091,-1.5,0.46153846153846156,-0.5,1.0,-0.4999999999999999,-0.4444444444444444,10.45,13.79
-0.27118644067796643,0.2727272727272727,-1.0,0.46153846153846156,-0.5,-1.0,-0.4999999999999999,-0.4444444444444444,10.64,13.67
-0.27118644067796643,0.2727272727272727,-1.0,0.46153846153846156,-0.5,-0.3333333333333333,-0.4999999999999999,-0.4444444444444444,10.72,14.11
-0.27118644067796643,0.2727272727272727,-1.0,0.46153846153846156,-0.5,0.3333333333333333,-0.4999999999999999,-0.4444444444444444,10.55,13.8
-0.27118644067796643,0.2727272727272727,-1.0,0.46153846153846156,-0.5,1.0,-0.4999999999999999,-0.4444444444444444,10.68,14.21
-0.4067796610169496,0.45454545454545453,-0.5,0.46153846153846156,-0.5,-1.0,-0.4999999999999999,-0.4444444444444444,11.45,13.2
-0.4067796610169496,0.45454545454545453,-0.5,0.46153846153846156,-0.5,-0.3333333333333333,-0.4999999999999999,-0.4444444444444444,11.46,13.54
-0.4067796610169496,0.45454545454545453,-0.5,0.46153846153846156,-0.5,0.3333333333333333,-0.4999999999999999,-0.4444444444444444,11.32,13.32
-0.4067796610169496,0.45454545454545453,-0.5,0.46153846153846156,-0.5,1.0,-0.4999999999999999,-0.4444444444444444,11.49,13.51
-0.6101694915254237,0.6363636363636364,0.0,0.46153846153846156,-0.5,-1.0,-0.4999999999999999,-0.4444444444444444,11.45,14.86
-0.6101694915254237,0.6363636363636364,0.0,0.46153846153846156,-0.5,-0.3333333333333333,-0.4999999999999999,-0.4444444444444444,11.42,14.75
-0.6101694915254237,0.6363636363636364,0.0,0.46153846153846156,-0.5,0.3333333333333333,-0.4999999999999999,-0.4444444444444444,11.33,15.0
-0.6101694915254237,0.6363636363636364,0.0,0.46153846153846156,-0.5,1.0,-0.4999999999999999,-0.4444444444444444,11.43,14.74
-0.7457627118644069,0.8181818181818182,0.5,0.46153846153846156,-0.5,-1.0,-0.4999999999999999,-0.4444444444444444,15.41,19.23
-0.7457627118644069,0.8181818181818182,0.5,0.46153846153846156,-0.5,-0.3333333333333333,-0.4999999999999999,-0.4444444444444444,15.18,19.34
-0.7457627118644069,0.8181818181818182,0.5,0.46153846153846156,-0.5,0.3333333333333333,-0.4999999999999999,-0.4444444444444444,15.34,19.32
-0.7457627118644069,0.8181818181818182,0.5,0.46153846153846156,-0.5,1.0,-0.4999999999999999,-0.4444444444444444,15.19,19.3
-0.88135593220339,1.0,1.0,0.46153846153846156,-0.5,-1.0,-0.4999999999999999,-0.4444444444444444,12.88,14.37
-0.88135593220339,1.0,1.0,0.46153846153846156,-0.5,-0.3333333333333333,-0.4999999999999999,-0.4444444444444444,13.0,14.57
-0.88135593220339,1.0,1.0,0.46153846153846156,-0.5,0.3333333333333333,-0.4999999999999999,-0.4444444444444444,12.97,14.27
-0.88135593220339,1.0,1.0,0.46153846153846156,-0.5,1.0,-0.4999999999999999,-0.4444444444444444,13.04,14.24
1.5593220338983054,-1.1818181818181819,-0.5,-0.9230769230769231,0.5,-1.0,-0.4999999999999999,0.0,24.28,25.68
1.5593220338983054,-1.1818181818181819,-0.5,-0.9230769230769231,0.5,-0.3333333333333333,-0.4999999999999999,0.0,24.4,26.02
1.5593220338983054,-1.1818181818181819,-0.5,-0.9230769230769231,0.5,0.3333333333333333,-0.4999999999999999,0.0,24.11,25.84
1.5593220338983054,-1.1818181818181819,-0.5,-0.9230769230769231,0.5,1.0,-0.4999999999999999,0.0,24.35,26.14
1.0169491525423733,-0.8181818181818182,0.0,-0.7692307692307693,0.5,-1.0,-0.4999999999999999,0.0,28.07,34.14
1.0169491525423733,-0.8181818181818182,0.0,-0.7692307692307693,0.5,-0.3333333333333333,-0.4999999999999999,0.0,29.01,32.85
1.0169491525423733,-0.8181818181818182,0.0,-0.7692307692307693,0.5,0.3333333333333333,-0.4999999999999999,0.0,29.62,30.08
1.0169491525423733,-0.8181818181818182,0.0,-0.7692307692307693,0.5,1.0,-0.4999999999999999,0.0,29.05,29.67
0.7457627118644069,-0.6363636363636364,-0.5,-0.46153846153846156,0.5,-1.0,-0.4999999999999999,0.0,25.41,31.73
0.7457627118644069,-0.6363636363636364,-0.5,-0.46153846153846156,0.5,-0.3333333333333333,-0.4999999999999999,0.0,26.47,31.01
0.7457627118644069,-0.6363636363636364,-0.5,-0.46153846153846156,0.5,0.3333333333333333,-0.4999999999999999,0.0,26.89,25.9
0.7457627118644069,-0.6363636363636364,-0.5,-0.46153846153846156,0.5,1.0,-0.4999999999999999,0.0,26.46,27.4
0.47457627118644047,-0.45454545454545453,0.0,-0.46153846153846156,0.5,-1.0,-0.4999999999999999,0.0,22.93,28.68
0.47457627118644047,-0.45454545454545453,0.0,-0.46153846153846156,0.5,-0.3333333333333333,-0.4999999999999999,0.0,23.84,27.54
0.47457627118644047,-0.45454545454545453,0.0,-0.46153846153846156,0.5,0.3333333333333333,-0.4999999999999999,0.0,24.17,25.35
0.47457627118644047,-0.45454545454545453,0.0,-0.46153846153846156,0.5,1.0,-0.4999999999999999,0.0,23.87,24.93
0.27118644067796643,-0.2727272727272727,0.5,-0.46153846153846156,0.5,-1.0,-0.4999999999999999,0.0,35.78,43.12
0.27118644067796643,-0.2727272727272727,0.5,-0.46153846153846156,0.5,-0.3333333333333333,-0.4999999999999999,0.0,35.48,41.22
0.27118644067796643,-0.2727272727272727,0.5,-0.46153846153846156,0.5,0.3333333333333333,-0.4999999999999999,0.0,36.97,35.1
0.27118644067796643,-0.2727272727272727,0.5,-0.46153846153846156,0.5,1.0,-0.4999999999999999,0.0,36.7,34.29
0.06779661016949161,-0.09090909090909091,2.0,-0.7692307692307693,0.5,-1.0,-0.4999999999999999,0.0,32.52,33.85
0.06779661016949161,-0.09090909090909091,2.0,-0.7692307692307693,0.5,-0.3333333333333333,-0.4999999999999999,0.0,33.28,34.11
0.06779661016949161,-0.09090909090909091,2.0,-0.7692307692307693,0.5,0.3333333333333333,-0.4999999999999999,0.0,32.33,34.48
0.06779661016949161,-0.09090909090909091,2.0,-0.7692307692307693,0.5,1.0,-0.4999999999999999,0.0,33.24,34.5
-0.06779661016949161,0.09090909090909091,-1.5,0.46153846153846156,-0.5,-1.0,-0.4999999999999999,0.0,10.39,13.6
-0.06779661016949161,0.09090909090909091,-1.5,0.46153846153846156,-0.5,-0.3333333333333333,-0.4999999999999999,0.0,10.34,13.36
-0.06779661016949161,0.09090909090909091,-1.5,0.46153846153846156,-0.5,0.3333333333333333,-0.4999999999999999,0.0,10.35,13.65
-0.06779661016949161,0.09090909090909091,-1.5,0.46153846153846156,-0.5,1.0,-0.4999999999999999,0.0,10.38,13.49
-0.27118644067796643,0.2727272727272727,-1.0,0.46153846153846156,-0.5,-1.0,-0.4999999999999999,0.0,10.77,14.14
-0.27118644067796643,0.2727272727272727,-1.0,0.46153846153846156,-0.5,-0.3333333333333333,-0.4999999999999999,0.0,10.68,13.77
-0.27118644067796643,0.2727272727272727,-1.0,0.46153846153846156,-0.5,0.3333333333333333,-0.4999999999999999,0.0,10.68,14.3
-0.27118644067796643,0.2727272727272727,-1.0,0.46153846153846156,-0.5,1.0,-0.4999999999999999,0.0,10.7,13.87
-0.4067796610169496,0.45454545454545453,-0.5,0.46153846153846156,-0.5,-1.0,-0.4999999999999999,0.0,11.22,14.44
-0.4067796610169496,0.45454545454545453,-0.5,0.46153846153846156,-0.5,-0.3333333333333333,-0.4999999999999999,0.0,11.16,14.27
-0.4067796610169496,0.45454545454545453,-0.5,0.46153846153846156,-0.5,0.3333333333333333,-0.4999999999999999,0.0,11.1,14.67
-0.4067796610169496,0.45454545454545453,-0.5,0.46153846153846156,-0.5,1.0,-0.4999999999999999,0.0,11.14,14.4
-0.6101694915254237,0.6363636363636364,0.0,0.46153846153846156,-0.5,-1.0,-0.4999999999999999,0.0,11.59,13.46
-0.6101694915254237,0.6363636363636364,0.0,0.46153846153846156,-0.5,-0.3333333333333333,-0.4999999999999999,0.0,11.6,13.7
-0.6101694915254237,0.6363636363636364,0.0,0.46153846153846156,-0.5,0.3333333333333333,-0.4999999999999999,0.0,11.53,13.59
-0.6101694915254237,0.6363636363636364,0.0,0.46153846153846156,-0.5,1.0,-0.4999999999999999,0.0,11.61,13.83
-0.7457627118644069,0.8181818181818182,0.5,0.46153846153846156,-0.5,-1.0,-0.4999999999999999,0.0,15.16,19.14
-0.7457627118644069,0.8181818181818182,0.5,0.46153846153846156,-0.5,-0.3333333333333333,-0.4999999999999999,0.0,15.36,19.18
-0.7457627118644069,0.8181818181818182,0.5,0.46153846153846156,-0.5,0.3333333333333333,-0.4999999999999999,0.0,15.12,19.37
-0.7457627118644069,0.8181818181818182,0.5,0.46153846153846156,-0.5,1.0,-0.4999999999999999,0.0,15.36,19.29
-0.88135593220339,1.0,1.0,0.46153846153846156,-0.5,-1.0,-0.4999999999999999,0.0,12.68,14.09
-0.88135593220339,1.0,1.0,0.46153846153846156,-0.5,-0.3333333333333333,-0.4999999999999999,0.0,12.63,14.23
-0.88135593220339,1.0,1.0,0.46153846153846156,-0.5,0.3333333333333333,-0.4999999999999999,0.0,12.71,14.14
-0.88135593220339,1.0,1.0,0.46153846153846156,-0.5,1.0,-0.4999999999999999,0.0,12.73,13.89
1.5593220338983054,-1.1818181818181819,-0.5,-0.9230769230769231,0.5,-1.0,-0.4999999999999999,0.4444444444444444,24.38,25.91
1.5593220338983054,-1.1818181818181819,-0.5,-0.9230769230769231,0.5,-0.3333333333333333,-0.4999999999999999,0.4444444444444444,24.23,25.72
1.5593220338983054,-1.1818181818181819,-0.5,-0.9230769230769231,0.5,0.3333333333333333,-0.4999999999999999,0.4444444444444444,24.04,26.18
1.5593220338983054,-1.1818181818181819,-0.5,-0.9230769230769231,0.5,1.0,-0.4999999999999999,0.4444444444444444,24.32,25.87
1.0169491525423733,-0.8181818181818182,0.0,-0.7692307692307693,0.5,-1.0,-0.4999999999999999,0.4444444444444444,29.06,29.34
1.0169491525423733,-0.8181818181818182,0.0,-0.7692307692307693,0.5,-0.3333333333333333,-0.4999999999999999,0.4444444444444444,28.05,33.91
1.0169491525423733,-0.8181818181818182,0.0,-0.7692307692307693,0.5,0.3333333333333333,-0.4999999999999999,0.4444444444444444,28.86,32.83
1.0169491525423733,-0.8181818181818182,0.0,-0.7692307692307693,0.5,1.0,-0.4999999999999999,0.4444444444444444,29.79,29.92
0.7457627118644069,-0.6363636363636364,-0.5,-0.46153846153846156,0.5,-1.0,-0.4999999999999999,0.4444444444444444,26.44,27.17
0.7457627118644069,-0.6363636363636364,-0.5,-0.46153846153846156,0.5,-0.3333333333333333,-0.4999999999999999,0.4444444444444444,25.37,31.76
0.7457627118644069,-0.6363636363636364,-0.5,-0.46153846153846156,0.5,0.3333333333333333,-0.4999999999999999,0.4444444444444444,26.33,31.06
0.7457627118644069,-0.6363636363636364,-0.5,-0.46153846153846156,0.5,1.0,-0.4999999999999999,0.4444444444444444,27.03,25.81
0.47457627118644047,-0.45454545454545453,0.0,-0.46153846153846156,0.5,-1.0,-0.4999999999999999,0.4444444444444444,23.8,24.61
0.47457627118644047,-0.45454545454545453,0.0,-0.46153846153846156,0.5,-0.3333333333333333,-0.4999999999999999,0.4444444444444444,22.8,28.61
0.47457627118644047,-0.45454545454545453,0.0,-0.46153846153846156,0.5,0.3333333333333333,-0.4999999999999999,0.4444444444444444,23.59,27.57
0.47457627118644047,-0.45454545454545453,0.0,-0.46153846153846156,0.5,1.0,-0.4999999999999999,0.4444444444444444,24.24,25.16
0.27118644067796643,-0.2727272727272727,0.5,-0.46153846153846156,0.5,-1.0,-0.4999999999999999,0.4444444444444444,36.86,34.25
0.27118644067796643,-0.2727272727272727,0.5,-0.46153846153846156,0.5,-0.3333333333333333,-0.4999999999999999,0.4444444444444444,35.89,43.3
0.27118644067796643,-0.2727272727272727,0.5,-0.46153846153846156,0.5,0.3333333333333333,-0.4999999999999999,0.4444444444444444,35.45,41.86
0.27118644067796643,-0.2727272727272727,0.5,-0.46153846153846156,0.5,1.0,-0.4999999999999999,0.4444444444444444,37.1,35.29
0.06779661016949161,-0.09090909090909091,2.0,-0.7692307692307693,0.5,-1.0,-0.4999999999999999,0.4444444444444444,33.08,34.11
0.06779661016949161,-0.09090909090909091,2.0,-0.7692307692307693,0.5,-0.3333333333333333,-0.4999999999999999,0.4444444444444444,32.38,33.62
0.06779661016949161,-0.09090909090909091,2.0,-0.7692307692307693,0.5,0.3333333333333333,-0.4999999999999999,0.4444444444444444,33.09,33.89
0.06779661016949161,-0.09090909090909091,2.0,-0.7692307692307693,0.5,1.0,-0.4999999999999999,0.4444444444444444,32.31,34.05
-0.06779661016949161,0.09090909090909091,-1.5,0.46153846153846156,-0.5,-1.0,-0.4999999999999999,0.4444444444444444,10.08,13.2
-0.06779661016949161,0.09090909090909091,-1.5,0.46153846153846156,-0.5,-0.3333333333333333,-0.4999999999999999,0.4444444444444444,10.15,13.36
-0.06779661016949161,0.09090909090909091,-1.5,0.46153846153846156,-0.5,0.3333333333333333,-0.4999999999999999,0.4444444444444444,10.07,13.21
-0.06779661016949161,0.09090909090909091,-1.5,0.46153846153846156,-0.5,1.0,-0.4999999999999999,0.4444444444444444,10.14,13.53
-0.27118644067796643,0.2727272727272727,-1.0,0.46153846153846156,-0.5,-1.0,-0.4999999999999999,0.4444444444444444,10.66,13.67
-0.27118644067796643,0.2727272727272727,-1.0,0.46153846153846156,-0.5,-0.3333333333333333,-0.4999999999999999,0.4444444444444444,10.68,14.12
-0.27118644067796643,0.2727272727272727,-1.0,0.46153846153846156,-0.5,0.3333333333333333,-0.4999999999999999,0.4444444444444444,10.53,13.79
-0.27118644067796643,0.2727272727272727,-1.0,0.46153846153846156,-0.5,1.0,-0.4999999999999999,0.4444444444444444,10.72,14.2
-0.4067796610169496,0.45454545454545453,-0.5,0.46153846153846156,-0.5,-1.0,-0.4999999999999999,0.4444444444444444,11.18,14.29
-0.4067796610169496,0.45454545454545453,-0.5,0.46153846153846156,-0.5,-0.3333333333333333,-0.4999999999999999,0.4444444444444444,11.22,14.49
-0.4067796610169496,0.45454545454545453,-0.5,0.46153846153846156,-0.5,0.3333333333333333,-0.4999999999999999,0.4444444444444444,11.07,14.42
-0.4067796610169496,0.45454545454545453,-0.5,0.46153846153846156,-0.5,1.0,-0.4999999999999999,0.4444444444444444,11.2,14.73
-0.6101694915254237,0.6363636363636364,0.0,0.46153846153846156,-0.5,-1.0,-0.4999999999999999,0.4444444444444444,11.44,14.86
-0.6101694915254237,0.6363636363636364,0.0,0.46153846153846156,-0.5,-0.3333333333333333,-0.4999999999999999,0.4444444444444444,11.42,14.67
-0.6101694915254237,0.6363636363636364,0.0,0.46153846153846156,-0.5,0.3333333333333333,-0.4999999999999999,0.4444444444444444,11.33,15.0
-0.6101694915254237,0.6363636363636364,0.0,0.46153846153846156,-0.5,1.0,-0.4999999999999999,0.4444444444444444,11.43,14.83
-0.7457627118644069,0.8181818181818182,0.5,0.46153846153846156,-0.5,-1.0,-0.4999999999999999,0.4444444444444444,15.4,19.24
-0.7457627118644069,0.8181818181818182,0.5,0.46153846153846156,-0.5,-0.3333333333333333,-0.4999999999999999,0.4444444444444444,15.19,19.25
-0.7457627118644069,0.8181818181818182,0.5,0.46153846153846156,-0.5,0.3333333333333333,-0.4999999999999999,0.4444444444444444,15.32,19.42
-0.7457627118644069,0.8181818181818182,0.5,0.46153846153846156,-0.5,1.0,-0.4999999999999999,0.4444444444444444,15.16,19.48
-0.88135593220339,1.0,1.0,0.46153846153846156,-0.5,-1.0,-0.4999999999999999,0.4444444444444444,12.85,14.37
-0.88135593220339,1.0,1.0,0.46153846153846156,-0.5,-0.3333333333333333,-0.4999999999999999,0.4444444444444444,13.04,14.34
-0.88135593220339,1.0,1.0,0.46153846153846156,-0.5,0.3333333333333333,-0.4999999999999999,0.4444444444444444,13.0,14.28
-0.88135593220339,1.0,1.0,0.46153846153846156,-0.5,1.0,-0.4999999999999999,0.4444444444444444,13.0,14.47
1.5593220338983054,-1.1818181818181819,-0.5,-0.9230769230769231,0.5,-1.0,-0.4999999999999999,0.8888888888888888,24.35,25.64
1.5593220338983054,-1.1818181818181819,-0.5,-0.9230769230769231,0.5,-0.3333333333333333,-0.4999999999999999,0.8888888888888888,24.33,25.98
1.5593220338983054,-1.1818181818181819,-0.5,-0.9230769230769231,0.5,0.3333333333333333,-0.4999999999999999,0.8888888888888888,24.03,25.88
1.5593220338983054,-1.1818181818181819,-0.5,-0.9230769230769231,0.5,1.0,-0.4999999999999999,0.8888888888888888,24.26,26.18
1.0169491525423733,-0.8181818181818182,0.0,-0.7692307692307693,0.5,-1.0,-0.4999999999999999,0.8888888888888888,29.83,29.82
1.0169491525423733,-0.8181818181818182,0.0,-0.7692307692307693,0.5,-0.3333333333333333,-0.4999999999999999,0.8888888888888888,29.08,29.52
1.0169491525423733,-0.8181818181818182,0.0,-0.7692307692307693,0.5,0.3333333333333333,-0.4999999999999999,0.8888888888888888,28.03,34.45
1.0169491525423733,-0.8181818181818182,0.0,-0.7692307692307693,0.5,1.0,-0.4999999999999999,0.8888888888888888,29.02,33.01
0.7457627118644069,-0.6363636363636364,-0.5,-0.46153846153846156,0.5,-1.0,-0.4999999999999999,0.8888888888888888,27.03,25.82
0.7457627118644069,-0.6363636363636364,-0.5,-0.46153846153846156,0.5,-0.3333333333333333,-0.4999999999999999,0.8888888888888888,26.45,27.33
0.7457627118644069,-0.6363636363636364,-0.5,-0.46153846153846156,0.5,0.3333333333333333,-0.4999999999999999,0.8888888888888888,25.36,32.04
0.7457627118644069,-0.6363636363636364,-0.5,-0.46153846153846156,0.5,1.0,-0.4999999999999999,0.8888888888888888,26.45,31.28
0.47457627118644047,-0.45454545454545453,0.0,-0.46153846153846156,0.5,-1.0,-0.4999999999999999,0.8888888888888888,24.37,25.11
0.47457627118644047,-0.45454545454545453,0.0,-0.46153846153846156,0.5,-0.3333333333333333,-0.4999999999999999,0.8888888888888888,23.89,24.77
0.47457627118644047,-0.45454545454545453,0.0,-0.46153846153846156,0.5,0.3333333333333333,-0.4999999999999999,0.8888888888888888,22.89,28.88
0.47457627118644047,-0.45454545454545453,0.0,-0.46153846153846156,0.5,1.0,-0.4999999999999999,0.8888888888888888,23.86,27.69
0.27118644067796643,-0.2727272727272727,0.5,-0.46153846153846156,0.5,-1.0,-0.4999999999999999,0.8888888888888888,37.03,34.99
0.27118644067796643,-0.2727272727272727,0.5,-0.46153846153846156,0.5,-0.3333333333333333,-0.4999999999999999,0.8888888888888888,36.71,34.18
0.27118644067796643,-0.2727272727272727,0.5,-0.46153846153846156,0.5,0.3333333333333333,-0.4999999999999999,0.8888888888888888,36.77,43.14
0.27118644067796643,-0.2727272727272727,0.5,-0.46153846153846156,0.5,1.0,-0.4999999999999999,0.8888888888888888,35.48,41.26
0.06779661016949161,-0.09090909090909091,2.0,-0.7692307692307693,0.5,-1.0,-0.4999999999999999,0.8888888888888888,32.31,34.25
0.06779661016949161,-0.09090909090909091,2.0,-0.7692307692307693,0.5,-0.3333333333333333,-0.4999999999999999,0.8888888888888888,33.21,34.35
0.06779661016949161,-0.09090909090909091,2.0,-0.7692307692307693,0.5,0.3333333333333333,-0.4999999999999999,0.8888888888888888,32.46,33.64
0.06779661016949161,-0.09090909090909091,2.0,-0.7692307692307693,0.5,1.0,-0.4999999999999999,0.8888888888888888,33.27,33.88
-0.06779661016949161,0.09090909090909091,-1.5,0.46153846153846156,-0.5,-1.0,-0.4999999999999999,0.8888888888888888,10.47,13.65
-0.06779661016949161,0.09090909090909091,-1.5,0.46153846153846156,-0.5,-0.3333333333333333,-0.4999999999999999,0.8888888888888888,10.37,13.44
-0.06779661016949161,0.09090909090909091,-1.5,0.46153846153846156,-0.5,0.3333333333333333,-0.4999999999999999,0.8888888888888888,10.34,13.72
-0.06779661016949161,0.09090909090909091,-1.5,0.46153846153846156,-0.5,1.0,-0.4999999999999999,0.8888888888888888,10.39,13.5
-0.27118644067796643,0.2727272727272727,-1.0,0.46153846153846156,-0.5,-1.0,-0.4999999999999999,0.8888888888888888,10.78,14.18
-0.27118644067796643,0.2727272727272727,-1.0,0.46153846153846156,-0.5,-0.3333333333333333,-0.4999999999999999,0.8888888888888888,10.7,13.75
-0.27118644067796643,0.2727272727272727,-1.0,0.46153846153846156,-0.5,0.3333333333333333,-0.4999999999999999,0.8888888888888888,10.67,14.26
-0.27118644067796643,0.2727272727272727,-1.0,0.46153846153846156,-0.5,1.0,-0.4999999999999999,0.8888888888888888,13.69,13.89
-0.4067796610169496,0.45454545454545453,-0.5,0.46153846153846156,-0.5,-1.0,-0.4999999999999999,0.8888888888888888,11.21,14.55
-0.4067796610169496,0.45454545454545453,-0.5,0.46153846153846156,-0.5,-0.3333333333333333,-0.4999999999999999,0.8888888888888888,11.14,14.28
-0.4067796610169496,0.45454545454545453,-0.5,0.46153846153846156,-0.5,0.3333333333333333,-0.4999999999999999,0.8888888888888888,11.11,14.46
-0.4067796610169496,0.45454545454545453,-0.5,0.46153846153846156,-0.5,1.0,-0.4999999999999999,0.8888888888888888,11.16,14.39
-0.6101694915254237,0.6363636363636364,0.0,0.46153846153846156,-0.5,-1.0,-0.4999999999999999,0.8888888888888888,11.38,14.54
-0.6101694915254237,0.6363636363636364,0.0,0.46153846153846156,-0.5,-0.3333333333333333,-0.4999999999999999,0.8888888888888888,11.34,14.81
-0.6101694915254237,0.6363636363636364,0.0,0.46153846153846156,-0.5,0.3333333333333333,-0.4999999999999999,0.8888888888888888,11.22,14.65
-0.6101694915254237,0.6363636363636364,0.0,0.46153846153846156,-0.5,1.0,-0.4999999999999999,0.8888888888888888,11.34,14.87
-0.7457627118644069,0.8181818181818182,0.5,0.46153846153846156,-0.5,-1.0,-0.4999999999999999,0.8888888888888888,15.16,19.24
-0.7457627118644069,0.8181818181818182,0.5,0.46153846153846156,-0.5,-0.3333333333333333,-0.4999999999999999,0.8888888888888888,15.37,19.18
-0.7457627118644069,0.8181818181818182,0.5,0.46153846153846156,-0.5,0.3333333333333333,-0.4999999999999999,0.8888888888888888,15.12,19.26
-0.7457627118644069,0.8181818181818182,0.5,0.46153846153846156,-0.5,1.0,-0.4999999999999999,0.8888888888888888,15.36,19.29
-0.88135593220339,1.0,1.0,0.46153846153846156,-0.5,-1.0,-0.4999999999999999,0.8888888888888888,12.59,14.24
-0.88135593220339,1.0,1.0,0.46153846153846156,-0.5,-0.3333333333333333,-0.4999999999999999,0.8888888888888888,12.74,13.97
-0.88135593220339,1.0,1.0,0.46153846153846156,-0.5,0.3333333333333333,-0.4999999999999999,0.8888888888888888,12.8,13.99
-0.88135593220339,1.0,1.0,0.46153846153846156,-0.5,1.0,-0.4999999999999999,0.8888888888888888,12.62,14.15
1.5593220338983054,-1.1818181818181819,-0.5,-0.9230769230769231,0.5,-1.0,0.0,-0.8888888888888888,28.15,29.79
1.5593220338983054,-1.1818181818181819,-0.5,-0.9230769230769231,0.5,-0.3333333333333333,0.0,-0.8888888888888888,28.15,29.79
1.5593220338983054,-1.1818181818181819,-0.5,-0.9230769230769231,0.5,0.3333333333333333,0.0,-0.8888888888888888,28.37,29.28
1.5593220338983054,-1.1818181818181819,-0.5,-0.9230769230769231,0.5,1.0,0.0,-0.8888888888888888,28.41,29.49
1.0169491525423733,-0.8181818181818182,0.0,-0.7692307692307693,0.5,-1.0,0.0,-0.8888888888888888,32.68,36.12
1.0169491525423733,-0.8181818181818182,0.0,-0.7692307692307693,0.5,-0.3333333333333333,0.0,-0.8888888888888888,33.48,33.17
1.0169491525423733,-0.8181818181818182,0.0,-0.7692307692307693,0.5,0.3333333333333333,0.0,-0.8888888888888888,32.84,32.71
1.0169491525423733,-0.8181818181818182,0.0,-0.7692307692307693,0.5,1.0,0.0,-0.8888888888888888,32.0,37.58
0.7457627118644069,-0.6363636363636364,-0.5,-0.46153846153846156,0.5,-1.0,0.0,-0.8888888888888888,29.54,33.98
0.7457627118644069,-0.6363636363636364,-0.5,-0.46153846153846156,0.5,-0.3333333333333333,0.0,-0.8888888888888888,30.05,28.61
0.7457627118644069,-0.6363636363636364,-0.5,-0.46153846153846156,0.5,0.3333333333333333,0.0,-0.8888888888888888,29.6,30.12
0.7457627118644069,-0.6363636363636364,-0.5,-0.46153846153846156,0.5,1.0,0.0,-0.8888888888888888,28.66,34.73
0.47457627118644047,-0.45454545454545453,0.0,-0.46153846153846156,0.5,-1.0,0.0,-0.8888888888888888,26.84,30.17
0.47457627118644047,-0.45454545454545453,0.0,-0.46153846153846156,0.5,-0.3333333333333333,0.0,-0.8888888888888888,27.27,27.84
0.47457627118644047,-0.45454545454545453,0.0,-0.46153846153846156,0.5,0.3333333333333333,0.0,-0.8888888888888888,26.97,27.25
0.47457627118644047,-0.45454545454545453,0.0,-0.46153846153846156,0.5,1.0,0.0,-0.8888888888888888,26.19,31.39
0.27118644067796643,-0.2727272727272727,0.5,-0.46153846153846156,0.5,-1.0,0.0,-0.8888888888888888,38.67,43.8
0.27118644067796643,-0.2727272727272727,0.5,-0.46153846153846156,0.5,-0.3333333333333333,0.0,-0.8888888888888888,40.03,37.81
0.27118644067796643,-0.2727272727272727,0.5,-0.46153846153846156,0.5,0.3333333333333333,0.0,-0.8888888888888888,39.86,36.85
0.27118644067796643,-0.2727272727272727,0.5,-0.46153846153846156,0.5,1.0,0.0,-0.8888888888888888,39.04,45.52
0.06779661016949161,-0.09090909090909091,2.0,-0.7692307692307693,0.5,-1.0,0.0,-0.8888888888888888,36.96,36.85
0.06779661016949161,-0.09090909090909091,2.0,-0.7692307692307693,0.5,-0.3333333333333333,0.0,-0.8888888888888888,36.13,37.58
0.06779661016949161,-0.09090909090909091,2.0,-0.7692307692307693,0.5,0.3333333333333333,0.0,-0.8888888888888888,36.91,37.45
0.06779661016949161,-0.09090909090909091,2.0,-0.7692307692307693,0.5,1.0,0.0,-0.8888888888888888,36.43,36.62
-0.06779661016949161,0.09090909090909091,-1.5,0.46153846153846156,-0.5,-1.0,0.0,-0.8888888888888888,12.43,15.19
-0.06779661016949161,0.09090909090909091,-1.5,0.46153846153846156,-0.5,-0.3333333333333333,0.0,-0.8888888888888888,12.5,15.5
-0.06779661016949161,0.09090909090909091,-1.5,0.46153846153846156,-0.5,0.3333333333333333,0.0,-0.8888888888888888,12.41,15.28
-0.06779661016949161,0.09090909090909091,-1.5,0.46153846153846156,-0.5,1.0,0.0,-0.8888888888888888,12.45,15.5
-0.27118644067796643,0.2727272727272727,-1.0,0.46153846153846156,-0.5,-1.0,0.0,-0.8888888888888888,12.57,15.42
-0.27118644067796643,0.2727272727272727,-1.0,0.46153846153846156,-0.5,-0.3333333333333333,0.0,-0.8888888888888888,12.65,15.85
-0.27118644067796643,0.2727272727272727,-1.0,0.46153846153846156,-0.5,0.3333333333333333,0.0,-0.8888888888888888,12.57,15.44
-0.27118644067796643,0.2727272727272727,-1.0,0.46153846153846156,-0.5,1.0,0.0,-0.8888888888888888,12.63,15.81
-0.4067796610169496,0.45454545454545453,-0.5,0.46153846153846156,-0.5,-1.0,0.0,-0.8888888888888888,12.78,15.21
-0.4067796610169496,0.45454545454545453,-0.5,0.46153846153846156,-0.5,-0.3333333333333333,0.0,-0.8888888888888888,12.93,15.63
-0.4067796610169496,0.45454545454545453,-0.5,0.46153846153846156,-0.5,0.3333333333333333,0.0,-0.8888888888888888,12.73,15.48
-0.4067796610169496,0.45454545454545453,-0.5,0.46153846153846156,-0.5,1.0,0.0,-0.8888888888888888,12.72,15.78
-0.6101694915254237,0.6363636363636364,0.0,0.46153846153846156,-0.5,-1.0,0.0,-0.8888888888888888,13.17,16.39
-0.6101694915254237,0.6363636363636364,0.0,0.46153846153846156,-0.5,-0.3333333333333333,0.0,-0.8888888888888888,13.18,16.27
-0.6101694915254237,0.6363636363636364,0.0,0.46153846153846156,-0.5,0.3333333333333333,0.0,-0.8888888888888888,13.17,16.39
-0.6101694915254237,0.6363636363636364,0.0,0.46153846153846156,-0.5,1.0,0.0,-0.8888888888888888,13.18,16.19
-0.7457627118644069,0.8181818181818182,0.5,0.46153846153846156,-0.5,-1.0,0.0,-0.8888888888888888,17.5,21.13
-0.7457627118644069,0.8181818181818182,0.5,0.46153846153846156,-0.5,-0.3333333333333333,0.0,-0.8888888888888888,17.35,21.19
-0.7457627118644069,0.8181818181818182,0.5,0.46153846153846156,-0.5,0.3333333333333333,0.0,-0.8888888888888888,17.52,21.09
-0.7457627118644069,0.8181818181818182,0.5,0.46153846153846156,-0.5,1.0,0.0,-0.8888888888888888,17.37,21.08
-0.88135593220339,1.0,1.0,0.46153846153846156,-0.5,-1.0,0.0,-0.8888888888888888,15.09,15.77
-0.88135593220339,1.0,1.0,0.46153846153846156,-0.5,-0.3333333333333333,0.0,-0.8888888888888888,15.12,15.95
-0.88135593220339,1.0,1.0,0.46153846153846156,-0.5,0.3333333333333333,0.0,-0.8888888888888888,15.08,15.77
-0.88135593220339,1.0,1.0,0.46153846153846156,-0.5,1.0,0.0,-0.8888888888888888,15.16,15.76
1.5593220338983054,-1.1818181818181819,-0.5,-0.9230769230769231,0.5,-1.0,0.0,-0.4444444444444444,28.67,29.62
1.5593220338983054,-1.1818181818181819,-0.5,-0.9230769230769231,0.5,-0.3333333333333333,0.0,-0.4444444444444444,28.57,29.69
1.5593220338983054,-1.1818181818181819,-0.5,-0.9230769230769231,0.5,0.3333333333333333,0.0,-0.4444444444444444,28.18,30.18
1.5593220338983054,-1.1818181818181819,-0.5,-0.9230769230769231,0.5,1.0,0.0,-0.4444444444444444,28.6,30.02
1.0169491525423733,-0.8181818181818182,0.0,-0.7692307692307693,0.5,-1.0,0.0,-0.4444444444444444,32.46,35.56
1.0169491525423733,-0.8181818181818182,0.0,-0.7692307692307693,0.5,-0.3333333333333333,0.0,-0.4444444444444444,33.27,32.64
1.0169491525423733,-0.8181818181818182,0.0,-0.7692307692307693,0.5,0.3333333333333333,0.0,-0.4444444444444444,32.33,32.77
1.0169491525423733,-0.8181818181818182,0.0,-0.7692307692307693,0.5,1.0,0.0,-0.4444444444444444,31.66,37.72
0.7457627118644069,-0.6363636363636364,-0.5,-0.46153846153846156,0.5,-1.0,0.0,-0.4444444444444444,29.34,33.37
0.7457627118644069,-0.6363636363636364,-0.5,-0.46153846153846156,0.5,-0.3333333333333333,0.0,-0.4444444444444444,29.87,27.89
0.7457627118644069,-0.6363636363636364,-0.5,-0.46153846153846156,0.5,0.3333333333333333,0.0,-0.4444444444444444,29.27,29.9
0.7457627118644069,-0.6363636363636364,-0.5,-0.46153846153846156,0.5,1.0,0.0,-0.4444444444444444,28.4,34.52
0.47457627118644047,-0.45454545454545453,0.0,-0.46153846153846156,0.5,-1.0,0.0,-0.4444444444444444,25.74,28.27
0.47457627118644047,-0.45454545454545453,0.0,-0.46153846153846156,0.5,-0.3333333333333333,0.0,-0.4444444444444444,25.98,26.96
0.47457627118644047,-0.45454545454545453,0.0,-0.46153846153846156,0.5,0.3333333333333333,0.0,-0.4444444444444444,25.38,26.72
0.47457627118644047,-0.45454545454545453,0.0,-0.46153846153846156,0.5,1.0,0.0,-0.4444444444444444,24.94,29.88
0.27118644067796643,-0.2727272727272727,0.5,-0.46153846153846156,0.5,-1.0,0.0,-0.4444444444444444,38.57,43.86
0.27118644067796643,-0.2727272727272727,0.5,-0.46153846153846156,0.5,-0.3333333333333333,0.0,-0.4444444444444444,40.19,37.41
0.27118644067796643,-0.2727272727272727,0.5,-0.46153846153846156,0.5,0.3333333333333333,0.0,-0.4444444444444444,39.97,36.77
0.27118644067796643,-0.2727272727272727,0.5,-0.46153846153846156,0.5,1.0,0.0,-0.4444444444444444,38.98,45.97
0.06779661016949161,-0.09090909090909091,2.0,-0.7692307692307693,0.5,-1.0,0.0,-0.4444444444444444,36.95,36.87
0.06779661016949161,-0.09090909090909091,2.0,-0.7692307692307693,0.5,-0.3333333333333333,0.0,-0.4444444444444444,36.28,37.35
0.06779661016949161,-0.09090909090909091,2.0,-0.7692307692307693,0.5,0.3333333333333333,0.0,-0.4444444444444444,36.86,37.28
0.06779661016949161,-0.09090909090909091,2.0,-0.7692307692307693,0.5,1.0,0.0,-0.4444444444444444,36.45,36.81
-0.06779661016949161,0.09090909090909091,-1.5,0.46153846153846156,-0.5,-1.0,0.0,-0.4444444444444444,12.35,14.73
-0.06779661016949161,0.09090909090909091,-1.5,0.46153846153846156,-0.5,-0.3333333333333333,0.0,-0.4444444444444444,12.45,15.1
-0.06779661016949161,0.09090909090909091,-1.5,0.46153846153846156,-0.5,0.3333333333333333,0.0,-0.4444444444444444,12.16,15.18
-0.06779661016949161,0.09090909090909091,-1.5,0.46153846153846156,-0.5,1.0,0.0,-0.4444444444444444,12.3,15.44
-0.27118644067796643,0.2727272727272727,-1.0,0.46153846153846156,-0.5,-1.0,0.0,-0.4444444444444444,12.33,14.91
-0.27118644067796643,0.2727272727272727,-1.0,0.46153846153846156,-0.5,-0.3333333333333333,0.0,-0.4444444444444444,12.29,15.4
-0.27118644067796643,0.2727272727272727,-1.0,0.46153846153846156,-0.5,0.3333333333333333,0.0,-0.4444444444444444,12.2,14.94
-0.27118644067796643,0.2727272727272727,-1.0,0.46153846153846156,-0.5,1.0,0.0,-0.4444444444444444,12.49,15.32
-0.4067796610169496,0.45454545454545453,-0.5,0.46153846153846156,-0.5,-1.0,0.0,-0.4444444444444444,12.85,15.52
-0.4067796610169496,0.45454545454545453,-0.5,0.46153846153846156,-0.5,-0.3333333333333333,0.0,-0.4444444444444444,12.87,15.85
-0.4067796610169496,0.45454545454545453,-0.5,0.46153846153846156,-0.5,0.3333333333333333,0.0,-0.4444444444444444,12.73,15.66
-0.4067796610169496,0.45454545454545453,-0.5,0.46153846153846156,-0.5,1.0,0.0,-0.4444444444444444,12.95,15.99
-0.6101694915254237,0.6363636363636364,0.0,0.46153846153846156,-0.5,-1.0,0.0,-0.4444444444444444,13.05,15.89
-0.6101694915254237,0.6363636363636364,0.0,0.46153846153846156,-0.5,-0.3333333333333333,0.0,-0.4444444444444444,12.93,15.85
-0.6101694915254237,0.6363636363636364,0.0,0.46153846153846156,-0.5,0.3333333333333333,0.0,-0.4444444444444444,12.77,16.22
-0.6101694915254237,0.6363636363636364,0.0,0.46153846153846156,-0.5,1.0,0.0,-0.4444444444444444,13.0,15.87
-0.7457627118644069,0.8181818181818182,0.5,0.46153846153846156,-0.5,-1.0,0.0,-0.4444444444444444,17.14,20.47
-0.7457627118644069,0.8181818181818182,0.5,0.46153846153846156,-0.5,-0.3333333333333333,0.0,-0.4444444444444444,16.84,20.56
-0.7457627118644069,0.8181818181818182,0.5,0.46153846153846156,-0.5,0.3333333333333333,0.0,-0.4444444444444444,17.02,20.48
-0.7457627118644069,0.8181818181818182,0.5,0.46153846153846156,-0.5,1.0,0.0,-0.4444444444444444,17.11,20.43
-0.88135593220339,1.0,1.0,0.46153846153846156,-0.5,-1.0,0.0,-0.4444444444444444,14.34,15.32
-0.88135593220339,1.0,1.0,0.46153846153846156,-0.5,-0.3333333333333333,0.0,-0.4444444444444444,14.66,15.64
-0.88135593220339,1.0,1.0,0.46153846153846156,-0.5,0.3333333333333333,0.0,-0.4444444444444444,14.6,15.14
-0.88135593220339,1.0,1.0,0.46153846153846156,-0.5,1.0,0.0,-0.4444444444444444,14.6,15.3
1.5593220338983054,-1.1818181818181819,-0.5,-0.9230769230769231,0.5,-1.0,0.0,0.0,28.67,29.43
1.5593220338983054,-1.1818181818181819,-0.5,-0.9230769230769231,0.5,-0.3333333333333333,0.0,0.0,28.56,29.78
1.5593220338983054,-1.1818181818181819,-0.5,-0.9230769230769231,0.5,0.3333333333333333,0.0,0.0,28.17,30.1
1.5593220338983054,-1.1818181818181819,-0.5,-0.9230769230769231,0.5,1.0,0.0,0.0,28.63,30.19
1.0169491525423733,-0.8181818181818182,0.0,-0.7692307692307693,0.5,-1.0,0.0,0.0,31.63,36.35
1.0169491525423733,-0.8181818181818182,0.0,-0.7692307692307693,0.5,-0.3333333333333333,0.0,0.0,32.4,35.1
1.0169491525423733,-0.8181818181818182,0.0,-0.7692307692307693,0.5,0.3333333333333333,0.0,0.0,32.68,32.83
1.0169491525423733,-0.8181818181818182,0.0,-0.7692307692307693,0.5,1.0,0.0,0.0,32.29,32.46
0.7457627118644069,-0.6363636363636364,-0.5,-0.46153846153846156,0.5,-1.0,0.0,0.0,28.4,33.52
0.7457627118644069,-0.6363636363636364,-0.5,-0.46153846153846156,0.5,-0.3333333333333333,0.0,0.0,29.4,32.93
0.7457627118644069,-0.6363636363636364,-0.5,-0.46153846153846156,0.5,0.3333333333333333,0.0,0.0,29.43,28.38
0.7457627118644069,-0.6363636363636364,-0.5,-0.46153846153846156,0.5,1.0,0.0,0.0,29.07,29.82
0.47457627118644047,-0.45454545454545453,0.0,-0.46153846153846156,0.5,-1.0,0.0,0.0,24.7,28.77
0.47457627118644047,-0.45454545454545453,0.0,-0.46153846153846156,0.5,-0.3333333333333333,0.0,0.0,25.48,27.76
0.47457627118644047,-0.45454545454545453,0.0,-0.46153846153846156,0.5,0.3333333333333333,0.0,0.0,25.37,26.95
0.47457627118644047,-0.45454545454545453,0.0,-0.46153846153846156,0.5,1.0,0.0,0.0,25.17,26.41
0.27118644067796643,-0.2727272727272727,0.5,-0.46153846153846156,0.5,-1.0,0.0,0.0,39.04,45.13
0.27118644067796643,-0.2727272727272727,0.5,-0.46153846153846156,0.5,-0.3333333333333333,0.0,0.0,38.35,43.66
0.27118644067796643,-0.2727272727272727,0.5,-0.46153846153846156,0.5,0.3333333333333333,0.0,0.0,39.81,37.76
0.27118644067796643,-0.2727272727272727,0.5,-0.46153846153846156,0.5,1.0,0.0,0.0,39.83,36.87
0.06779661016949161,-0.09090909090909091,2.0,-0.7692307692307693,0.5,-1.0,0.0,0.0,35.99,36.07
0.06779661016949161,-0.09090909090909091,2.0,-0.7692307692307693,0.5,-0.3333333333333333,0.0,0.0,36.59,36.44
0.06779661016949161,-0.09090909090909091,2.0,-0.7692307692307693,0.5,0.3333333333333333,0.0,0.0,35.64,37.28
0.06779661016949161,-0.09090909090909091,2.0,-0.7692307692307693,0.5,1.0,0.0,0.0,36.52,37.29
-0.06779661016949161,0.09090909090909091,-1.5,0.46153846153846156,-0.5,-1.0,0.0,0.0,11.8,14.49
-0.06779661016949161,0.09090909090909091,-1.5,0.46153846153846156,-0.5,-0.3333333333333333,0.0,0.0,12.03,13.79
-0.06779661016949161,0.09090909090909091,-1.5,0.46153846153846156,-0.5,0.3333333333333333,0.0,0.0,11.98,14.72
-0.06779661016949161,0.09090909090909091,-1.5,0.46153846153846156,-0.5,1.0,0.0,0.0,11.69,14.76
-0.27118644067796643,0.2727272727272727,-1.0,0.46153846153846156,-0.5,-1.0,0.0,0.0,12.41,14.92
-0.27118644067796643,0.2727272727272727,-1.0,0.46153846153846156,-0.5,-0.3333333333333333,0.0,0.0,12.28,14.74
-0.27118644067796643,0.2727272727272727,-1.0,0.46153846153846156,-0.5,0.3333333333333333,0.0,0.0,12.1,15.57
-0.27118644067796643,0.2727272727272727,-1.0,0.46153846153846156,-0.5,1.0,0.0,0.0,12.19,14.94
-0.4067796610169496,0.45454545454545453,-0.5,0.46153846153846156,-0.5,-1.0,0.0,0.0,12.34,14.92
-0.4067796610169496,0.45454545454545453,-0.5,0.46153846153846156,-0.5,-0.3333333333333333,0.0,0.0,12.46,14.38
-0.4067796610169496,0.45454545454545453,-0.5,0.46153846153846156,-0.5,0.3333333333333333,0.0,0.0,12.31,15.44
-0.4067796610169496,0.45454545454545453,-0.5,0.46153846153846156,-0.5,1.0,0.0,0.0,12.12,15.17
-0.6101694915254237,0.6363636363636364,0.0,0.46153846153846156,-0.5,-1.0,0.0,0.0,12.97,15.53
-0.6101694915254237,0.6363636363636364,0.0,0.46153846153846156,-0.5,-0.3333333333333333,0.0,0.0,13.01,15.8
-0.6101694915254237,0.6363636363636364,0.0,0.46153846153846156,-0.5,0.3333333333333333,0.0,0.0,12.74,16.14
-0.6101694915254237,0.6363636363636364,0.0,0.46153846153846156,-0.5,1.0,0.0,0.0,12.84,16.26
-0.7457627118644069,0.8181818181818182,0.5,0.46153846153846156,-0.5,-1.0,0.0,0.0,16.83,19.87
-0.7457627118644069,0.8181818181818182,0.5,0.46153846153846156,-0.5,-0.3333333333333333,0.0,0.0,16.93,20.03
-0.7457627118644069,0.8181818181818182,0.5,0.46153846153846156,-0.5,0.3333333333333333,0.0,0.0,16.66,20.46
-0.7457627118644069,0.8181818181818182,0.5,0.46153846153846156,-0.5,1.0,0.0,0.0,16.86,20.28
-0.88135593220339,1.0,1.0,0.46153846153846156,-0.5,-1.0,0.0,0.0,13.91,14.89
-0.88135593220339,1.0,1.0,0.46153846153846156,-0.5,-0.3333333333333333,0.0,0.0,14.34,14.96
-0.88135593220339,1.0,1.0,0.46153846153846156,-0.5,0.3333333333333333,0.0,0.0,13.95,14.89
-0.88135593220339,1.0,1.0,0.46153846153846156,-0.5,1.0,0.0,0.0,13.99,14.35
1.5593220338983054,-1.1818181818181819,-0.5,-0.9230769230769231,0.5,-1.0,0.0,0.4444444444444444,28.7,29.61
1.5593220338983054,-1.1818181818181819,-0.5,-0.9230769230769231,0.5,-0.3333333333333333,0.0,0.4444444444444444,28.55,29.59
1.5593220338983054,-1.1818181818181819,-0.5,-0.9230769230769231,0.5,0.3333333333333333,0.0,0.4444444444444444,28.15,30.19
1.5593220338983054,-1.1818181818181819,-0.5,-0.9230769230769231,0.5,1.0,0.0,0.4444444444444444,28.62,30.12
1.0169491525423733,-0.8181818181818182,0.0,-0.7692307692307693,0.5,-1.0,0.0,0.4444444444444444,32.67,32.12
1.0169491525423733,-0.8181818181818182,0.0,-0.7692307692307693,0.5,-0.3333333333333333,0.0,0.4444444444444444,31.69,37.12
1.0169491525423733,-0.8181818181818182,0.0,-0.7692307692307693,0.5,0.3333333333333333,0.0,0.4444444444444444,32.07,36.16
1.0169491525423733,-0.8181818181818182,0.0,-0.7692307692307693,0.5,1.0,0.0,0.4444444444444444,33.28,33.16
0.7457627118644069,-0.6363636363636364,-0.5,-0.46153846153846156,0.5,-1.0,0.0,0.4444444444444444,29.47,29.45
0.7457627118644069,-0.6363636363636364,-0.5,-0.46153846153846156,0.5,-0.3333333333333333,0.0,0.4444444444444444,28.42,34.19
0.7457627118644069,-0.6363636363636364,-0.5,-0.46153846153846156,0.5,0.3333333333333333,0.0,0.4444444444444444,29.08,33.93
0.7457627118644069,-0.6363636363636364,-0.5,-0.46153846153846156,0.5,1.0,0.0,0.4444444444444444,29.88,28.31
0.47457627118644047,-0.45454545454545453,0.0,-0.46153846153846156,0.5,-1.0,0.0,0.4444444444444444,25.66,26.3
0.47457627118644047,-0.45454545454545453,0.0,-0.46153846153846156,0.5,-0.3333333333333333,0.0,0.4444444444444444,24.96,29.43
0.47457627118644047,-0.45454545454545453,0.0,-0.46153846153846156,0.5,0.3333333333333333,0.0,0.4444444444444444,25.43,28.76
0.47457627118644047,-0.45454545454545453,0.0,-0.46153846153846156,0.5,1.0,0.0,0.4444444444444444,26.0,27.34
0.27118644067796643,-0.2727272727272727,0.5,-0.46153846153846156,0.5,-1.0,0.0,0.4444444444444444,40.0,36.26
0.27118644067796643,-0.2727272727272727,0.5,-0.46153846153846156,0.5,-0.3333333333333333,0.0,0.4444444444444444,38.84,45.48
0.27118644067796643,-0.2727272727272727,0.5,-0.46153846153846156,0.5,0.3333333333333333,0.0,0.4444444444444444,38.33,44.16
0.27118644067796643,-0.2727272727272727,0.5,-0.46153846153846156,0.5,1.0,0.0,0.4444444444444444,40.12,37.26
0.06779661016949161,-0.09090909090909091,2.0,-0.7692307692307693,0.5,-1.0,0.0,0.4444444444444444,36.95,37.2
0.06779661016949161,-0.09090909090909091,2.0,-0.7692307692307693,0.5,-0.3333333333333333,0.0,0.4444444444444444,36.45,36.76
0.06779661016949161,-0.09090909090909091,2.0,-0.7692307692307693,0.5,0.3333333333333333,0.0,0.4444444444444444,36.81,37.05
0.06779661016949161,-0.09090909090909091,2.0,-0.7692307692307693,0.5,1.0,0.0,0.4444444444444444,36.26,37.51
-0.06779661016949161,0.09090909090909091,-1.5,0.46153846153846156,-0.5,-1.0,0.0,0.4444444444444444,12.32,14.92
-0.06779661016949161,0.09090909090909091,-1.5,0.46153846153846156,-0.5,-0.3333333333333333,0.0,0.4444444444444444,12.3,15.24
-0.06779661016949161,0.09090909090909091,-1.5,0.46153846153846156,-0.5,0.3333333333333333,0.0,0.4444444444444444,12.18,15.03
-0.06779661016949161,0.09090909090909091,-1.5,0.46153846153846156,-0.5,1.0,0.0,0.4444444444444444,12.43,15.35
-0.27118644067796643,0.2727272727272727,-1.0,0.46153846153846156,-0.5,-1.0,0.0,0.4444444444444444,12.36,14.67
-0.27118644067796643,0.2727272727272727,-1.0,0.46153846153846156,-0.5,-0.3333333333333333,0.0,0.4444444444444444,12.49,15.09
-0.27118644067796643,0.2727272727272727,-1.0,0.46153846153846156,-0.5,0.3333333333333333,0.0,0.4444444444444444,12.17,15.2
-0.27118644067796643,0.2727272727272727,-1.0,0.46153846153846156,-0.5,1.0,0.0,0.4444444444444444,12.28,15.64
-0.4067796610169496,0.45454545454545453,-0.5,0.46153846153846156,-0.5,-1.0,0.0,0.4444444444444444,12.91,15.37
-0.4067796610169496,0.45454545454545453,-0.5,0.46153846153846156,-0.5,-0.3333333333333333,0.0,0.4444444444444444,12.95,15.73
-0.4067796610169496,0.45454545454545453,-0.5,0.46153846153846156,-0.5,0.3333333333333333,0.0,0.4444444444444444,12.67,15.83
-0.4067796610169496,0.45454545454545453,-0.5,0.46153846153846156,-0.5,1.0,0.0,0.4444444444444444,12.86,16.13
-0.6101694915254237,0.6363636363636364,0.0,0.46153846153846156,-0.5,-1.0,0.0,0.4444444444444444,12.95,15.95
-0.6101694915254237,0.6363636363636364,0.0,0.46153846153846156,-0.5,-0.3333333333333333,0.0,0.4444444444444444,13.0,15.59
-0.6101694915254237,0.6363636363636364,0.0,0.46153846153846156,-0.5,0.3333333333333333,0.0,0.4444444444444444,12.86,16.17
-0.6101694915254237,0.6363636363636364,0.0,0.46153846153846156,-0.5,1.0,0.0,0.4444444444444444,12.92,16.14
-0.7457627118644069,0.8181818181818182,0.5,0.46153846153846156,-0.5,-1.0,0.0,0.4444444444444444,16.99,19.65
-0.7457627118644069,0.8181818181818182,0.5,0.46153846153846156,-0.5,-0.3333333333333333,0.0,0.4444444444444444,16.69,19.76
-0.7457627118644069,0.8181818181818182,0.5,0.46153846153846156,-0.5,0.3333333333333333,0.0,0.4444444444444444,16.56,20.37
-0.7457627118644069,0.8181818181818182,0.5,0.46153846153846156,-0.5,1.0,0.0,0.4444444444444444,16.62,19.9
-0.88135593220339,1.0,1.0,0.46153846153846156,-0.5,-1.0,0.0,0.4444444444444444,14.33,15.41
-0.88135593220339,1.0,1.0,0.46153846153846156,-0.5,-0.3333333333333333,0.0,0.4444444444444444,14.61,15.56
-0.88135593220339,1.0,1.0,0.46153846153846156,-0.5,0.3333333333333333,0.0,0.4444444444444444,14.61,15.07
-0.88135593220339,1.0,1.0,0.46153846153846156,-0.5,1.0,0.0,0.4444444444444444,14.65,15.38
1.5593220338983054,-1.1818181818181819,-0.5,-0.9230769230769231,0.5,-1.0,0.0,0.8888888888888888,28.69,29.53
1.5593220338983054,-1.1818181818181819,-0.5,-0.9230769230769231,0.5,-0.3333333333333333,0.0,0.8888888888888888,28.58,29.77
1.5593220338983054,-1.1818181818181819,-0.5,-0.9230769230769231,0.5,0.3333333333333333,0.0,0.8888888888888888,28.15,30.0
1.5593220338983054,-1.1818181818181819,-0.5,-0.9230769230769231,0.5,1.0,0.0,0.8888888888888888,28.61,30.2
1.0169491525423733,-0.8181818181818182,0.0,-0.7692307692307693,0.5,-1.0,0.0,0.8888888888888888,33.13,32.25
1.0169491525423733,-0.8181818181818182,0.0,-0.7692307692307693,0.5,-0.3333333333333333,0.0,0.8888888888888888,32.31,32.0
1.0169491525423733,-0.8181818181818182,0.0,-0.7692307692307693,0.5,0.3333333333333333,0.0,0.8888888888888888,31.53,37.19
1.0169491525423733,-0.8181818181818182,0.0,-0.7692307692307693,0.5,1.0,0.0,0.8888888888888888,32.46,35.62
0.7457627118644069,-0.6363636363636364,-0.5,-0.46153846153846156,0.5,-1.0,0.0,0.8888888888888888,29.71,28.02
0.7457627118644069,-0.6363636363636364,-0.5,-0.46153846153846156,0.5,-0.3333333333333333,0.0,0.8888888888888888,29.09,29.43
0.7457627118644069,-0.6363636363636364,-0.5,-0.46153846153846156,0.5,0.3333333333333333,0.0,0.8888888888888888,28.31,34.15
0.7457627118644069,-0.6363636363636364,-0.5,-0.46153846153846156,0.5,1.0,0.0,0.8888888888888888,29.39,33.47
0.47457627118644047,-0.45454545454545453,0.0,-0.46153846153846156,0.5,-1.0,0.0,0.8888888888888888,25.7,26.53
0.47457627118644047,-0.45454545454545453,0.0,-0.46153846153846156,0.5,-0.3333333333333333,0.0,0.8888888888888888,25.17,26.08
0.47457627118644047,-0.45454545454545453,0.0,-0.46153846153846156,0.5,0.3333333333333333,0.0,0.8888888888888888,24.6,29.31
0.47457627118644047,-0.45454545454545453,0.0,-0.46153846153846156,0.5,1.0,0.0,0.8888888888888888,25.49,28.14
0.27118644067796643,-0.2727272727272727,0.5,-0.46153846153846156,0.5,-1.0,0.0,0.8888888888888888,39.89,37.54
0.27118644067796643,-0.2727272727272727,0.5,-0.46153846153846156,0.5,-0.3333333333333333,0.0,0.8888888888888888,39.83,36.66
0.27118644067796643,-0.2727272727272727,0.5,-0.46153846153846156,0.5,0.3333333333333333,0.0,0.8888888888888888,39.01,45.28
0.27118644067796643,-0.2727272727272727,0.5,-0.46153846153846156,0.5,1.0,0.0,0.8888888888888888,38.65,43.73
0.06779661016949161,-0.09090909090909091,2.0,-0.7692307692307693,0.5,-1.0,0.0,0.8888888888888888,35.69,36.93
0.06779661016949161,-0.09090909090909091,2.0,-0.7692307692307693,0.5,-0.3333333333333333,0.0,0.8888888888888888,36.64,37.01
0.06779661016949161,-0.09090909090909091,2.0,-0.7692307692307693,0.5,0.3333333333333333,0.0,0.8888888888888888,36.06,35.73
0.06779661016949161,-0.09090909090909091,2.0,-0.7692307692307693,0.5,1.0,0.0,0.8888888888888888,36.7,36.15
-0.06779661016949161,0.09090909090909091,-1.5,0.46153846153846156,-0.5,-1.0,0.0,0.8888888888888888,12.12,14.48
-0.06779661016949161,0.09090909090909091,-1.5,0.46153846153846156,-0.5,-0.3333333333333333,0.0,0.8888888888888888,11.67,14.58
-0.06779661016949161,0.09090909090909091,-1.5,0.46153846153846156,-0.5,0.3333333333333333,0.0,0.8888888888888888,11.64,14.81
-0.06779661016949161,0.09090909090909091,-1.5,0.46153846153846156,-0.5,1.0,0.0,0.8888888888888888,12.02,14.03
-0.27118644067796643,0.2727272727272727,-1.0,0.46153846153846156,-0.5,-1.0,0.0,0.8888888888888888,12.27,15.27
-0.27118644067796643,0.2727272727272727,-1.0,0.46153846153846156,-0.5,-0.3333333333333333,0.0,0.8888888888888888,12.19,14.71
-0.27118644067796643,0.2727272727272727,-1.0,0.46153846153846156,-0.5,0.3333333333333333,0.0,0.8888888888888888,12.25,15.23
-0.27118644067796643,0.2727272727272727,-1.0,0.46153846153846156,-0.5,1.0,0.0,0.8888888888888888,12.27,14.97
-0.4067796610169496,0.45454545454545453,-0.5,0.46153846153846156,-0.5,-1.0,0.0,0.8888888888888888,12.47,15.14
-0.4067796610169496,0.45454545454545453,-0.5,0.46153846153846156,-0.5,-0.3333333333333333,0.0,0.8888888888888888,12.12,14.97
-0.4067796610169496,0.45454545454545453,-0.5,0.46153846153846156,-0.5,0.3333333333333333,0.0,0.8888888888888888,12.18,15.22
-0.4067796610169496,0.45454545454545453,-0.5,0.46153846153846156,-0.5,1.0,0.0,0.8888888888888888,12.47,14.6
-0.6101694915254237,0.6363636363636364,0.0,0.46153846153846156,-0.5,-1.0,0.0,0.8888888888888888,12.93,15.83
-0.6101694915254237,0.6363636363636364,0.0,0.46153846153846156,-0.5,-0.3333333333333333,0.0,0.8888888888888888,12.82,16.03
-0.6101694915254237,0.6363636363636364,0.0,0.46153846153846156,-0.5,0.3333333333333333,0.0,0.8888888888888888,12.78,15.8
-0.6101694915254237,0.6363636363636364,0.0,0.46153846153846156,-0.5,1.0,0.0,0.8888888888888888,13.02,16.06
-0.7457627118644069,0.8181818181818182,0.5,0.46153846153846156,-0.5,-1.0,0.0,0.8888888888888888,16.73,20.13
-0.7457627118644069,0.8181818181818182,0.5,0.46153846153846156,-0.5,-0.3333333333333333,0.0,0.8888888888888888,16.86,20.01
-0.7457627118644069,0.8181818181818182,0.5,0.46153846153846156,-0.5,0.3333333333333333,0.0,0.8888888888888888,16.76,20.19
-0.7457627118644069,0.8181818181818182,0.5,0.46153846153846156,-0.5,1.0,0.0,0.8888888888888888,16.92,20.29
-0.88135593220339,1.0,1.0,0.46153846153846156,-0.5,-1.0,0.0,0.8888888888888888,13.68,15.19
-0.88135593220339,1.0,1.0,0.46153846153846156,-0.5,-0.3333333333333333,0.0,0.8888888888888888,13.99,14.61
-0.88135593220339,1.0,1.0,0.46153846153846156,-0.5,0.3333333333333333,0.0,0.8888888888888888,14.16,14.61
-0.88135593220339,1.0,1.0,0.46153846153846156,-0.5,1.0,0.0,0.8888888888888888,13.86,14.75
1.5593220338983054,-1.1818181818181819,-0.5,-0.9230769230769231,0.5,-1.0,0.5,-0.8888888888888888,32.26,33.37
1.5593220338983054,-1.1818181818181819,-0.5,-0.9230769230769231,0.5,-0.3333333333333333,0.5,-0.8888888888888888,32.26,33.34
1.5593220338983054,-1.1818181818181819,-0.5,-0.9230769230769231,0.5,0.3333333333333333,0.5,-0.8888888888888888,32.49,32.83
1.5593220338983054,-1.1818181818181819,-0.5,-0.9230769230769231,0.5,1.0,0.5,-0.8888888888888888,32.53,33.04
1.0169491525423733,-0.8181818181818182,0.0,-0.7692307692307693,0.5,-1.0,0.5,-0.8888888888888888,36.47,39.28
1.0169491525423733,-0.8181818181818182,0.0,-0.7692307692307693,0.5,-0.3333333333333333,0.5,-0.8888888888888888,37.24,36.38
1.0169491525423733,-0.8181818181818182,0.0,-0.7692307692307693,0.5,0.3333333333333333,0.5,-0.8888888888888888,36.66,35.92
1.0169491525423733,-0.8181818181818182,0.0,-0.7692307692307693,0.5,1.0,0.5,-0.8888888888888888,35.96,40.99
0.7457627118644069,-0.6363636363636364,-0.5,-0.46153846153846156,0.5,-1.0,0.5,-0.8888888888888888,31.89,35.99
0.7457627118644069,-0.6363636363636364,-0.5,-0.46153846153846156,0.5,-0.3333333333333333,0.5,-0.8888888888888888,32.39,30.66
0.7457627118644069,-0.6363636363636364,-0.5,-0.46153846153846156,0.5,0.3333333333333333,0.5,-0.8888888888888888,32.09,31.7
0.7457627118644069,-0.6363636363636364,-0.5,-0.46153846153846156,0.5,1.0,0.5,-0.8888888888888888,31.29,36.73
0.47457627118644047,-0.45454545454545453,0.0,-0.46153846153846156,0.5,-1.0,0.5,-0.8888888888888888,29.22,31.71
0.47457627118644047,-0.45454545454545453,0.0,-0.46153846153846156,0.5,-0.3333333333333333,0.5,-0.8888888888888888,29.91,29.13
0.47457627118644047,-0.45454545454545453,0.0,-0.46153846153846156,0.5,0.3333333333333333,0.5,-0.8888888888888888,29.53,28.99
0.47457627118644047,-0.45454545454545453,0.0,-0.46153846153846156,0.5,1.0,0.5,-0.8888888888888888,28.65,33.54
0.27118644067796643,-0.2727272727272727,0.5,-0.46153846153846156,0.5,-1.0,0.5,-0.8888888888888888,41.4,45.29
0.27118644067796643,-0.2727272727272727,0.5,-0.46153846153846156,0.5,-0.3333333333333333,0.5,-0.8888888888888888,42.62,39.07
0.27118644067796643,-0.2727272727272727,0.5,-0.46153846153846156,0.5,0.3333333333333333,0.5,-0.8888888888888888,42.5,38.35
0.27118644067796643,-0.2727272727272727,0.5,-0.46153846153846156,0.5,1.0,0.5,-0.8888888888888888,41.67,46.94
0.06779661016949161,-0.09090909090909091,2.0,-0.7692307692307693,0.5,-1.0,0.5,-0.8888888888888888,40.78,39.55
0.06779661016949161,-0.09090909090909091,2.0,-0.7692307692307693,0.5,-0.3333333333333333,0.5,-0.8888888888888888,39.97,40.85
0.06779661016949161,-0.09090909090909091,2.0,-0.7692307692307693,0.5,0.3333333333333333,0.5,-0.8888888888888888,40.71,40.63
0.06779661016949161,-0.09090909090909091,2.0,-0.7692307692307693,0.5,1.0,0.5,-0.8888888888888888,40.43,39.48
-0.06779661016949161,0.09090909090909091,-1.5,0.46153846153846156,-0.5,-1.0,0.5,-0.8888888888888888,14.52,16.94
-0.06779661016949161,0.09090909090909091,-1.5,0.46153846153846156,-0.5,-0.3333333333333333,0.5,-0.8888888888888888,14.61,17.25
-0.06779661016949161,0.09090909090909091,-1.5,0.46153846153846156,-0.5,0.3333333333333333,0.5,-0.8888888888888888,14.5,17.03
-0.06779661016949161,0.09090909090909091,-1.5,0.46153846153846156,-0.5,1.0,0.5,-0.8888888888888888,14.55,17.25
-0.27118644067796643,0.2727272727272727,-1.0,0.46153846153846156,-0.5,-1.0,0.5,-0.8888888888888888,14.51,17.1
-0.27118644067796643,0.2727272727272727,-1.0,0.46153846153846156,-0.5,-0.3333333333333333,0.5,-0.8888888888888888,14.6,17.51
-0.27118644067796643,0.2727272727272727,-1.0,0.46153846153846156,-0.5,0.3333333333333333,0.5,-0.8888888888888888,14.5,17.12
-0.27118644067796643,0.2727272727272727,-1.0,0.46153846153846156,-0.5,1.0,0.5,-0.8888888888888888,14.58,17.47
-0.4067796610169496,0.45454545454545453,-0.5,0.46153846153846156,-0.5,-1.0,0.5,-0.8888888888888888,14.51,16.5
-0.4067796610169496,0.45454545454545453,-0.5,0.46153846153846156,-0.5,-0.3333333333333333,0.5,-0.8888888888888888,14.7,17.0
-0.4067796610169496,0.45454545454545453,-0.5,0.46153846153846156,-0.5,0.3333333333333333,0.5,-0.8888888888888888,14.42,16.87
-0.4067796610169496,0.45454545454545453,-0.5,0.46153846153846156,-0.5,1.0,0.5,-0.8888888888888888,14.42,17.2
-0.6101694915254237,0.6363636363636364,0.0,0.46153846153846156,-0.5,-1.0,0.5,-0.8888888888888888,15.23,18.14
-0.6101694915254237,0.6363636363636364,0.0,0.46153846153846156,-0.5,-0.3333333333333333,0.5,-0.8888888888888888,15.23,18.03
-0.6101694915254237,0.6363636363636364,0.0,0.46153846153846156,-0.5,0.3333333333333333,0.5,-0.8888888888888888,15.23,18.14
-0.6101694915254237,0.6363636363636364,0.0,0.46153846153846156,-0.5,1.0,0.5,-0.8888888888888888,15.23,17.95
-0.7457627118644069,0.8181818181818182,0.5,0.46153846153846156,-0.5,-1.0,0.5,-0.8888888888888888,19.52,22.72
-0.7457627118644069,0.8181818181818182,0.5,0.46153846153846156,-0.5,-0.3333333333333333,0.5,-0.8888888888888888,19.36,22.73
-0.7457627118644069,0.8181818181818182,0.5,0.46153846153846156,-0.5,0.3333333333333333,0.5,-0.8888888888888888,19.48,22.72
-0.7457627118644069,0.8181818181818182,0.5,0.46153846153846156,-0.5,1.0,0.5,-0.8888888888888888,19.42,22.53
-0.88135593220339,1.0,1.0,0.46153846153846156,-0.5,-1.0,0.5,-0.8888888888888888,15.09,17.2
-0.88135593220339,1.0,1.0,0.46153846153846156,-0.5,-0.3333333333333333,0.5,-0.8888888888888888,17.17,17.21
-0.88135593220339,1.0,1.0,0.46153846153846156,-0.5,0.3333333333333333,0.5,-0.8888888888888888,17.14,17.15
-0.88135593220339,1.0,1.0,0.46153846153846156,-0.5,1.0,0.5,-0.8888888888888888,17.14,17.2
1.5593220338983054,-1.1818181818181819,-0.5,-0.9230769230769231,0.5,-1.0,0.5,-0.4444444444444444,32.82,32.96
1.5593220338983054,-1.1818181818181819,-0.5,-0.9230769230769231,0.5,-0.3333333333333333,0.5,-0.4444444444444444,32.71,33.13
1.5593220338983054,-1.1818181818181819,-0.5,-0.9230769230769231,0.5,0.3333333333333333,0.5,-0.4444444444444444,32.24,33.94
1.5593220338983054,-1.1818181818181819,-0.5,-0.9230769230769231,0.5,1.0,0.5,-0.4444444444444444,32.72,33.78
1.0169491525423733,-0.8181818181818182,0.0,-0.7692307692307693,0.5,-1.0,0.5,-0.4444444444444444,35.84,38.35
1.0169491525423733,-0.8181818181818182,0.0,-0.7692307692307693,0.5,-0.3333333333333333,0.5,-0.4444444444444444,36.57,35.39
1.0169491525423733,-0.8181818181818182,0.0,-0.7692307692307693,0.5,0.3333333333333333,0.5,-0.4444444444444444,36.06,34.94
1.0169491525423733,-0.8181818181818182,0.0,-0.7692307692307693,0.5,1.0,0.5,-0.4444444444444444,35.69,40.66
0.7457627118644069,-0.6363636363636364,-0.5,-0.46153846153846156,0.5,-1.0,0.5,-0.4444444444444444,32.48,35.48
0.7457627118644069,-0.6363636363636364,-0.5,-0.46153846153846156,0.5,-0.3333333333333333,0.5,-0.4444444444444444,32.74,30.53
0.7457627118644069,-0.6363636363636364,-0.5,-0.46153846153846156,0.5,0.3333333333333333,0.5,-0.4444444444444444,32.13,32.28
0.7457627118644069,-0.6363636363636364,-0.5,-0.46153846153846156,0.5,1.0,0.5,-0.4444444444444444,31.64,36.86
0.47457627118644047,-0.45454545454545453,0.0,-0.46153846153846156,0.5,-1.0,0.5,-0.4444444444444444,28.95,30.34
0.47457627118644047,-0.45454545454545453,0.0,-0.46153846153846156,0.5,-0.3333333333333333,0.5,-0.4444444444444444,29.49,27.93
0.47457627118644047,-0.45454545454545453,0.0,-0.46153846153846156,0.5,0.3333333333333333,0.5,-0.4444444444444444,28.64,28.95
0.47457627118644047,-0.45454545454545453,0.0,-0.46153846153846156,0.5,1.0,0.5,-0.4444444444444444,28.01,32.92
0.27118644067796643,-0.2727272727272727,0.5,-0.46153846153846156,0.5,-1.0,0.5,-0.4444444444444444,41.64,45.59
0.27118644067796643,-0.2727272727272727,0.5,-0.46153846153846156,0.5,-0.3333333333333333,0.5,-0.4444444444444444,43.1,39.41
0.27118644067796643,-0.2727272727272727,0.5,-0.46153846153846156,0.5,0.3333333333333333,0.5,-0.4444444444444444,42.74,38.84
0.27118644067796643,-0.2727272727272727,0.5,-0.46153846153846156,0.5,1.0,0.5,-0.4444444444444444,41.92,48.03
0.06779661016949161,-0.09090909090909091,2.0,-0.7692307692307693,0.5,-1.0,0.5,-0.4444444444444444,40.78,39.48
0.06779661016949161,-0.09090909090909091,2.0,-0.7692307692307693,0.5,-0.3333333333333333,0.5,-0.4444444444444444,40.15,40.4
0.06779661016949161,-0.09090909090909091,2.0,-0.7692307692307693,0.5,0.3333333333333333,0.5,-0.4444444444444444,40.57,40.47
0.06779661016949161,-0.09090909090909091,2.0,-0.7692307692307693,0.5,1.0,0.5,-0.4444444444444444,40.42,39.7
-0.06779661016949161,0.09090909090909091,-1.5,0.46153846153846156,-0.5,-1.0,0.5,-0.4444444444444444,14.54,16.43
-0.06779661016949161,0.09090909090909091,-1.5,0.46153846153846156,-0.5,-0.3333333333333333,0.5,-0.4444444444444444,14.45,16.93
-0.06779661016949161,0.09090909090909091,-1.5,0.46153846153846156,-0.5,0.3333333333333333,0.5,-0.4444444444444444,14.18,16.99
-0.06779661016949161,0.09090909090909091,-1.5,0.46153846153846156,-0.5,1.0,0.5,-0.4444444444444444,14.5,17.03
-0.27118644067796643,0.2727272727272727,-1.0,0.46153846153846156,-0.5,-1.0,0.5,-0.4444444444444444,14.7,16.77
-0.27118644067796643,0.2727272727272727,-1.0,0.46153846153846156,-0.5,-0.3333333333333333,0.5,-0.4444444444444444,14.66,17.37
-0.27118644067796643,0.2727272727272727,-1.0,0.46153846153846156,-0.5,0.3333333333333333,0.5,-0.4444444444444444,14.4,17.27
-0.27118644067796643,0.2727272727272727,-1.0,0.46153846153846156,-0.5,1.0,0.5,-0.4444444444444444,14.71,17.51
-0.4067796610169496,0.45454545454545453,-0.5,0.46153846153846156,-0.5,-1.0,0.5,-0.4444444444444444,14.75,16.44
-0.4067796610169496,0.45454545454545453,-0.5,0.46153846153846156,-0.5,-0.3333333333333333,0.5,-0.4444444444444444,14.71,17.01
-0.4067796610169496,0.45454545454545453,-0.5,0.46153846153846156,-0.5,0.3333333333333333,0.5,-0.4444444444444444,14.33,17.23
-0.4067796610169496,0.45454545454545453,-0.5,0.46153846153846156,-0.5,1.0,0.5,-0.4444444444444444,14.62,17.22
-0.6101694915254237,0.6363636363636364,0.0,0.46153846153846156,-0.5,-1.0,0.5,-0.4444444444444444,15.34,17.85
-0.6101694915254237,0.6363636363636364,0.0,0.46153846153846156,-0.5,-0.3333333333333333,0.5,-0.4444444444444444,15.29,17.89
-0.6101694915254237,0.6363636363636364,0.0,0.46153846153846156,-0.5,0.3333333333333333,0.5,-0.4444444444444444,15.09,18.36
-0.6101694915254237,0.6363636363636364,0.0,0.46153846153846156,-0.5,1.0,0.5,-0.4444444444444444,15.3,18.15
-0.7457627118644069,0.8181818181818182,0.5,0.46153846153846156,-0.5,-1.0,0.5,-0.4444444444444444,19.2,21.72
-0.7457627118644069,0.8181818181818182,0.5,0.46153846153846156,-0.5,-0.3333333333333333,0.5,-0.4444444444444444,18.88,22.07
-0.7457627118644069,0.8181818181818182,0.5,0.46153846153846156,-0.5,0.3333333333333333,0.5,-0.4444444444444444,18.9,22.09
-0.7457627118644069,0.8181818181818182,0.5,0.46153846153846156,-0.5,1.0,0.5,-0.4444444444444444,19.12,21.93
-0.88135593220339,1.0,1.0,0.46153846153846156,-0.5,-1.0,0.5,-0.4444444444444444,16.76,17.36
-0.88135593220339,1.0,1.0,0.46153846153846156,-0.5,-0.3333333333333333,0.5,-0.4444444444444444,17.23,17.38
-0.88135593220339,1.0,1.0,0.46153846153846156,-0.5,0.3333333333333333,0.5,-0.4444444444444444,17.26,16.86
-0.88135593220339,1.0,1.0,0.46153846153846156,-0.5,1.0,0.5,-0.4444444444444444,17.15,16.99
1.5593220338983054,-1.1818181818181819,-0.5,-0.9230769230769231,0.5,-1.0,0.5,0.0,32.82,32.78
1.5593220338983054,-1.1818181818181819,-0.5,-0.9230769230769231,0.5,-0.3333333333333333,0.5,0.0,32.69,33.24
1.5593220338983054,-1.1818181818181819,-0.5,-0.9230769230769231,0.5,0.3333333333333333,0.5,0.0,32.23,33.86
1.5593220338983054,-1.1818181818181819,-0.5,-0.9230769230769231,0.5,1.0,0.5,0.0,32.75,34.0
1.0169491525423733,-0.8181818181818182,0.0,-0.7692307692307693,0.5,-1.0,0.5,0.0,34.24,37.26
1.0169491525423733,-0.8181818181818182,0.0,-0.7692307692307693,0.5,-0.3333333333333333,0.5,0.0,34.95,35.04
1.0169491525423733,-0.8181818181818182,0.0,-0.7692307692307693,0.5,0.3333333333333333,0.5,0.0,35.05,33.82
1.0169491525423733,-0.8181818181818182,0.0,-0.7692307692307693,0.5,1.0,0.5,0.0,34.29,33.31
0.7457627118644069,-0.6363636363636364,-0.5,-0.46153846153846156,0.5,-1.0,0.5,0.0,31.28,35.22
0.7457627118644069,-0.6363636363636364,-0.5,-0.46153846153846156,0.5,-0.3333333333333333,0.5,0.0,32.12,34.7
0.7457627118644069,-0.6363636363636364,-0.5,-0.46153846153846156,0.5,0.3333333333333333,0.5,0.0,32.05,30.11
0.7457627118644069,-0.6363636363636364,-0.5,-0.46153846153846156,0.5,1.0,0.5,0.0,31.84,31.6
0.47457627118644047,-0.45454545454545453,0.0,-0.46153846153846156,0.5,-1.0,0.5,0.0,28.67,32.43
0.47457627118644047,-0.45454545454545453,0.0,-0.46153846153846156,0.5,-0.3333333333333333,0.5,0.0,29.67,30.65
0.47457627118644047,-0.45454545454545453,0.0,-0.46153846153846156,0.5,0.3333333333333333,0.5,0.0,29.47,29.77
0.47457627118644047,-0.45454545454545453,0.0,-0.46153846153846156,0.5,1.0,0.5,0.0,28.91,29.64
0.27118644067796643,-0.2727272727272727,0.5,-0.46153846153846156,0.5,-1.0,0.5,0.0,41.26,46.44
0.27118644067796643,-0.2727272727272727,0.5,-0.46153846153846156,0.5,-0.3333333333333333,0.5,0.0,41.3,44.18
0.27118644067796643,-0.2727272727272727,0.5,-0.46153846153846156,0.5,0.3333333333333333,0.5,0.0,42.49,38.81
0.27118644067796643,-0.2727272727272727,0.5,-0.46153846153846156,0.5,1.0,0.5,0.0,42.08,38.23
0.06779661016949161,-0.09090909090909091,2.0,-0.7692307692307693,0.5,-1.0,0.5,0.0,39.32,38.17
0.06779661016949161,-0.09090909090909091,2.0,-0.7692307692307693,0.5,-0.3333333333333333,0.5,0.0,39.84,38.48
0.06779661016949161,-0.09090909090909091,2.0,-0.7692307692307693,0.5,0.3333333333333333,0.5,0.0,38.89,39.66
0.06779661016949161,-0.09090909090909091,2.0,-0.7692307692307693,0.5,1.0,0.5,0.0,39.68,40.1
-0.06779661016949161,0.09090909090909091,-1.5,0.46153846153846156,-0.5,-1.0,0.5,0.0,13.97,16.08
-0.06779661016949161,0.09090909090909091,-1.5,0.46153846153846156,-0.5,-0.3333333333333333,0.5,0.0,14.22,15.39
-0.06779661016949161,0.09090909090909091,-1.5,0.46153846153846156,-0.5,0.3333333333333333,0.5,0.0,14.1,16.57
-0.06779661016949161,0.09090909090909091,-1.5,0.46153846153846156,-0.5,1.0,0.5,0.0,13.78,16.6
-0.27118644067796643,0.2727272727272727,-1.0,0.46153846153846156,-0.5,-1.0,0.5,0.0,14.07,16.11
-0.27118644067796643,0.2727272727272727,-1.0,0.46153846153846156,-0.5,-0.3333333333333333,0.5,0.0,14.03,15.47
-0.27118644067796643,0.2727272727272727,-1.0,0.46153846153846156,-0.5,0.3333333333333333,0.5,0.0,13.94,16.7
-0.27118644067796643,0.2727272727272727,-1.0,0.46153846153846156,-0.5,1.0,0.5,0.0,13.86,16.1
-0.4067796610169496,0.45454545454545453,-0.5,0.46153846153846156,-0.5,-1.0,0.5,0.0,14.32,16.35
-0.4067796610169496,0.45454545454545453,-0.5,0.46153846153846156,-0.5,-0.3333333333333333,0.5,0.0,14.56,15.84
-0.4067796610169496,0.45454545454545453,-0.5,0.46153846153846156,-0.5,0.3333333333333333,0.5,0.0,14.33,16.99
-0.4067796610169496,0.45454545454545453,-0.5,0.46153846153846156,-0.5,1.0,0.5,0.0,14.08,17.02
-0.6101694915254237,0.6363636363636364,0.0,0.46153846153846156,-0.5,-1.0,0.5,0.0,15.16,17.04
-0.6101694915254237,0.6363636363636364,0.0,0.46153846153846156,-0.5,-0.3333333333333333,0.5,0.0,15.18,17.63
-0.6101694915254237,0.6363636363636364,0.0,0.46153846153846156,-0.5,0.3333333333333333,0.5,0.0,14.72,18.1
-0.6101694915254237,0.6363636363636364,0.0,0.46153846153846156,-0.5,1.0,0.5,0.0,14.9,18.22
-0.7457627118644069,0.8181818181818182,0.5,0.46153846153846156,-0.5,-1.0,0.5,0.0,18.48,20.78
-0.7457627118644069,0.8181818181818182,0.5,0.46153846153846156,-0.5,-0.3333333333333333,0.5,0.0,18.71,20.72
-0.7457627118644069,0.8181818181818182,0.5,0.46153846153846156,-0.5,0.3333333333333333,0.5,0.0,18.48,21.54
-0.7457627118644069,0.8181818181818182,0.5,0.46153846153846156,-0.5,1.0,0.5,0.0,18.46,21.53
-0.88135593220339,1.0,1.0,0.46153846153846156,-0.5,-1.0,0.5,0.0,16.47,16.9
-0.88135593220339,1.0,1.0,0.46153846153846156,-0.5,-0.3333333333333333,0.5,0.0,16.35,17.14
-0.88135593220339,1.0,1.0,0.46153846153846156,-0.5,0.3333333333333333,0.5,0.0,16.55,16.56
-0.88135593220339,1.0,1.0,0.46153846153846156,-0.5,1.0,0.5,0.0,16.74,16.0
1.5593220338983054,-1.1818181818181819,-0.5,-0.9230769230769231,0.5,-1.0,0.5,0.4444444444444444,32.85,32.95
1.5593220338983054,-1.1818181818181819,-0.5,-0.9230769230769231,0.5,-0.3333333333333333,0.5,0.4444444444444444,32.67,33.06
1.5593220338983054,-1.1818181818181819,-0.5,-0.9230769230769231,0.5,0.3333333333333333,0.5,0.4444444444444444,32.21,33.95
1.5593220338983054,-1.1818181818181819,-0.5,-0.9230769230769231,0.5,1.0,0.5,0.4444444444444444,32.74,33.88
1.0169491525423733,-0.8181818181818182,0.0,-0.7692307692307693,0.5,-1.0,0.5,0.4444444444444444,36.45,33.98
1.0169491525423733,-0.8181818181818182,0.0,-0.7692307692307693,0.5,-0.3333333333333333,0.5,0.4444444444444444,35.73,39.92
1.0169491525423733,-0.8181818181818182,0.0,-0.7692307692307693,0.5,0.3333333333333333,0.5,0.4444444444444444,35.4,39.22
1.0169491525423733,-0.8181818181818182,0.0,-0.7692307692307693,0.5,1.0,0.5,0.4444444444444444,36.57,36.1
0.7457627118644069,-0.6363636363636364,-0.5,-0.46153846153846156,0.5,-1.0,0.5,0.4444444444444444,32.38,31.53
0.7457627118644069,-0.6363636363636364,-0.5,-0.46153846153846156,0.5,-0.3333333333333333,0.5,0.4444444444444444,31.66,36.2
0.7457627118644069,-0.6363636363636364,-0.5,-0.46153846153846156,0.5,0.3333333333333333,0.5,0.4444444444444444,32.15,36.21
0.7457627118644069,-0.6363636363636364,-0.5,-0.46153846153846156,0.5,1.0,0.5,0.4444444444444444,32.75,31.0
0.47457627118644047,-0.45454545454545453,0.0,-0.46153846153846156,0.5,-1.0,0.5,0.4444444444444444,28.93,28.2
0.47457627118644047,-0.45454545454545453,0.0,-0.46153846153846156,0.5,-0.3333333333333333,0.5,0.4444444444444444,28.05,32.35
0.47457627118644047,-0.45454545454545453,0.0,-0.46153846153846156,0.5,0.3333333333333333,0.5,0.4444444444444444,28.64,31.14
0.47457627118644047,-0.45454545454545453,0.0,-0.46153846153846156,0.5,1.0,0.5,0.4444444444444444,29.52,28.43
0.27118644067796643,-0.2727272727272727,0.5,-0.46153846153846156,0.5,-1.0,0.5,0.4444444444444444,42.77,38.33
0.27118644067796643,-0.2727272727272727,0.5,-0.46153846153846156,0.5,-0.3333333333333333,0.5,0.4444444444444444,41.73,47.59
0.27118644067796643,-0.2727272727272727,0.5,-0.46153846153846156,0.5,0.3333333333333333,0.5,0.4444444444444444,41.32,46.23
0.27118644067796643,-0.2727272727272727,0.5,-0.46153846153846156,0.5,1.0,0.5,0.4444444444444444,42.96,39.56
0.06779661016949161,-0.09090909090909091,2.0,-0.7692307692307693,0.5,-1.0,0.5,0.4444444444444444,40.68,40.36
0.06779661016949161,-0.09090909090909091,2.0,-0.7692307692307693,0.5,-0.3333333333333333,0.5,0.4444444444444444,40.4,39.67
0.06779661016949161,-0.09090909090909091,2.0,-0.7692307692307693,0.5,0.3333333333333333,0.5,0.4444444444444444,40.6,39.85
0.06779661016949161,-0.09090909090909091,2.0,-0.7692307692307693,0.5,1.0,0.5,0.4444444444444444,40.11,40.77
-0.06779661016949161,0.09090909090909091,-1.5,0.46153846153846156,-0.5,-1.0,0.5,0.4444444444444444,14.37,16.61
-0.06779661016949161,0.09090909090909091,-1.5,0.46153846153846156,-0.5,-0.3333333333333333,0.5,0.4444444444444444,14.48,16.74
-0.06779661016949161,0.09090909090909091,-1.5,0.46153846153846156,-0.5,0.3333333333333333,0.5,0.4444444444444444,14.32,16.9
-0.06779661016949161,0.09090909090909091,-1.5,0.46153846153846156,-0.5,1.0,0.5,0.4444444444444444,14.44,17.32
-0.27118644067796643,0.2727272727272727,-1.0,0.46153846153846156,-0.5,-1.0,0.5,0.4444444444444444,14.6,16.85
-0.27118644067796643,0.2727272727272727,-1.0,0.46153846153846156,-0.5,-0.3333333333333333,0.5,0.4444444444444444,14.7,17.2
-0.27118644067796643,0.2727272727272727,-1.0,0.46153846153846156,-0.5,0.3333333333333333,0.5,0.4444444444444444,14.47,17.23
-0.27118644067796643,0.2727272727272727,-1.0,0.46153846153846156,-0.5,1.0,0.5,0.4444444444444444,14.66,17.74
-0.4067796610169496,0.45454545454545453,-0.5,0.46153846153846156,-0.5,-1.0,0.5,0.4444444444444444,14.54,16.81
-0.4067796610169496,0.45454545454545453,-0.5,0.46153846153846156,-0.5,-0.3333333333333333,0.5,0.4444444444444444,14.62,16.88
-0.4067796610169496,0.45454545454545453,-0.5,0.46153846153846156,-0.5,0.3333333333333333,0.5,0.4444444444444444,14.53,16.9
-0.4067796610169496,0.45454545454545453,-0.5,0.46153846153846156,-0.5,1.0,0.5,0.4444444444444444,14.71,17.39
-0.6101694915254237,0.6363636363636364,0.0,0.46153846153846156,-0.5,-1.0,0.5,0.4444444444444444,15.34,17.86
-0.6101694915254237,0.6363636363636364,0.0,0.46153846153846156,-0.5,-0.3333333333333333,0.5,0.4444444444444444,15.29,17.82
-0.6101694915254237,0.6363636363636364,0.0,0.46153846153846156,-0.5,0.3333333333333333,0.5,0.4444444444444444,15.09,18.36
-0.6101694915254237,0.6363636363636364,0.0,0.46153846153846156,-0.5,1.0,0.5,0.4444444444444444,15.3,18.24
-0.7457627118644069,0.8181818181818182,0.5,0.46153846153846156,-0.5,-1.0,0.5,0.4444444444444444,19.06,21.68
-0.7457627118644069,0.8181818181818182,0.5,0.46153846153846156,-0.5,-0.3333333333333333,0.5,0.4444444444444444,19.13,21.54
-0.7457627118644069,0.8181818181818182,0.5,0.46153846153846156,-0.5,0.3333333333333333,0.5,0.4444444444444444,19.0,22.25
-0.7457627118644069,0.8181818181818182,0.5,0.46153846153846156,-0.5,1.0,0.5,0.4444444444444444,18.84,22.49
-0.88135593220339,1.0,1.0,0.46153846153846156,-0.5,-1.0,0.5,0.4444444444444444,16.44,17.1
-0.88135593220339,1.0,1.0,0.46153846153846156,-0.5,-0.3333333333333333,0.5,0.4444444444444444,16.9,16.79
-0.88135593220339,1.0,1.0,0.46153846153846156,-0.5,0.3333333333333333,0.5,0.4444444444444444,16.94,16.58
-0.88135593220339,1.0,1.0,0.46153846153846156,-0.5,1.0,0.5,0.4444444444444444,16.77,16.79
1.5593220338983054,-1.1818181818181819,-0.5,-0.9230769230769231,0.5,-1.0,0.5,0.8888888888888888,32.84,32.88
1.5593220338983054,-1.1818181818181819,-0.5,-0.9230769230769231,0.5,-0.3333333333333333,0.5,0.8888888888888888,32.72,33.23
1.5593220338983054,-1.1818181818181819,-0.5,-0.9230769230769231,0.5,0.3333333333333333,0.5,0.8888888888888888,32.21,33.76
1.5593220338983054,-1.1818181818181819,-0.5,-0.9230769230769231,0.5,1.0,0.5,0.8888888888888888,32.73,34.01
1.0169491525423733,-0.8181818181818182,0.0,-0.7692307692307693,0.5,-1.0,0.5,0.8888888888888888,35.67,33.94
1.0169491525423733,-0.8181818181818182,0.0,-0.7692307692307693,0.5,-0.3333333333333333,0.5,0.8888888888888888,35.01,33.14
1.0169491525423733,-0.8181818181818182,0.0,-0.7692307692307693,0.5,0.3333333333333333,0.5,0.8888888888888888,34.72,38.79
1.0169491525423733,-0.8181818181818182,0.0,-0.7692307692307693,0.5,1.0,0.5,0.8888888888888888,35.24,37.27
0.7457627118644069,-0.6363636363636364,-0.5,-0.46153846153846156,0.5,-1.0,0.5,0.8888888888888888,32.31,29.69
0.7457627118644069,-0.6363636363636364,-0.5,-0.46153846153846156,0.5,-0.3333333333333333,0.5,0.8888888888888888,31.81,31.2
0.7457627118644069,-0.6363636363636364,-0.5,-0.46153846153846156,0.5,0.3333333333333333,0.5,0.8888888888888888,31.12,36.26
0.7457627118644069,-0.6363636363636364,-0.5,-0.46153846153846156,0.5,1.0,0.5,0.8888888888888888,32.06,35.71
0.47457627118644047,-0.45454545454545453,0.0,-0.46153846153846156,0.5,-1.0,0.5,0.8888888888888888,30.0,29.93
0.47457627118644047,-0.45454545454545453,0.0,-0.46153846153846156,0.5,-0.3333333333333333,0.5,0.8888888888888888,29.5,29.56
0.47457627118644047,-0.45454545454545453,0.0,-0.46153846153846156,0.5,0.3333333333333333,0.5,0.8888888888888888,29.06,33.84
0.47457627118644047,-0.45454545454545453,0.0,-0.46153846153846156,0.5,1.0,0.5,0.8888888888888888,29.92,32.54
0.27118644067796643,-0.2727272727272727,0.5,-0.46153846153846156,0.5,-1.0,0.5,0.8888888888888888,42.11,38.56
0.27118644067796643,-0.2727272727272727,0.5,-0.46153846153846156,0.5,-0.3333333333333333,0.5,0.8888888888888888,41.96,37.7
0.27118644067796643,-0.2727272727272727,0.5,-0.46153846153846156,0.5,0.3333333333333333,0.5,0.8888888888888888,41.09,47.01
0.27118644067796643,-0.2727272727272727,0.5,-0.46153846153846156,0.5,1.0,0.5,0.8888888888888888,40.79,44.87
0.06779661016949161,-0.09090909090909091,2.0,-0.7692307692307693,0.5,-1.0,0.5,0.8888888888888888,38.82,39.37
0.06779661016949161,-0.09090909090909091,2.0,-0.7692307692307693,0.5,-0.3333333333333333,0.5,0.8888888888888888,39.72,39.8
0.06779661016949161,-0.09090909090909091,2.0,-0.7692307692307693,0.5,0.3333333333333333,0.5,0.8888888888888888,39.31,37.79
0.06779661016949161,-0.09090909090909091,2.0,-0.7692307692307693,0.5,1.0,0.5,0.8888888888888888,39.86,38.18
-0.06779661016949161,0.09090909090909091,-1.5,0.46153846153846156,-0.5,-1.0,0.5,0.8888888888888888,14.41,16.69
-0.06779661016949161,0.09090909090909091,-1.5,0.46153846153846156,-0.5,-0.3333333333333333,0.5,0.8888888888888888,14.19,16.62
-0.06779661016949161,0.09090909090909091,-1.5,0.46153846153846156,-0.5,0.3333333333333333,0.5,0.8888888888888888,14.17,16.94
-0.06779661016949161,0.09090909090909091,-1.5,0.46153846153846156,-0.5,1.0,0.5,0.8888888888888888,14.39,16.7
-0.27118644067796643,0.2727272727272727,-1.0,0.46153846153846156,-0.5,-1.0,0.5,0.8888888888888888,12.43,15.59
-0.27118644067796643,0.2727272727272727,-1.0,0.46153846153846156,-0.5,-0.3333333333333333,0.5,0.8888888888888888,12.63,14.58
-0.27118644067796643,0.2727272727272727,-1.0,0.46153846153846156,-0.5,0.3333333333333333,0.5,0.8888888888888888,12.76,15.33
-0.27118644067796643,0.2727272727272727,-1.0,0.46153846153846156,-0.5,1.0,0.5,0.8888888888888888,12.42,15.31
-0.4067796610169496,0.45454545454545453,-0.5,0.46153846153846156,-0.5,-1.0,0.5,0.8888888888888888,14.12,16.63
-0.4067796610169496,0.45454545454545453,-0.5,0.46153846153846156,-0.5,-0.3333333333333333,0.5,0.8888888888888888,14.28,15.87
-0.4067796610169496,0.45454545454545453,-0.5,0.46153846153846156,-0.5,0.3333333333333333,0.5,0.8888888888888888,14.37,16.54
-0.4067796610169496,0.45454545454545453,-0.5,0.46153846153846156,-0.5,1.0,0.5,0.8888888888888888,14.21,16.74
-0.6101694915254237,0.6363636363636364,0.0,0.46153846153846156,-0.5,-1.0,0.5,0.8888888888888888,14.96,17.64
-0.6101694915254237,0.6363636363636364,0.0,0.46153846153846156,-0.5,-0.3333333333333333,0.5,0.8888888888888888,14.92,17.79
-0.6101694915254237,0.6363636363636364,0.0,0.46153846153846156,-0.5,0.3333333333333333,0.5,0.8888888888888888,14.92,17.55
-0.6101694915254237,0.6363636363636364,0.0,0.46153846153846156,-0.5,1.0,0.5,0.8888888888888888,15.16,18.06
-0.7457627118644069,0.8181818181818182,0.5,0.46153846153846156,-0.5,-1.0,0.5,0.8888888888888888,17.69,20.82
-0.7457627118644069,0.8181818181818182,0.5,0.46153846153846156,-0.5,-0.3333333333333333,0.5,0.8888888888888888,18.19,20.21
-0.7457627118644069,0.8181818181818182,0.5,0.46153846153846156,-0.5,0.3333333333333333,0.5,0.8888888888888888,18.16,20.71
-0.7457627118644069,0.8181818181818182,0.5,0.46153846153846156,-0.5,1.0,0.5,0.8888888888888888,17.88,21.4
-0.88135593220339,1.0,1.0,0.46153846153846156,-0.5,-1.0,0.5,0.8888888888888888,16.54,16.88
-0.88135593220339,1.0,1.0,0.46153846153846156,-0.5,-0.3333333333333333,0.5,0.8888888888888888,16.44,17.11
-0.88135593220339,1.0,1.0,0.46153846153846156,-0.5,0.3333333333333333,0.5,0.8888888888888888,16.48,16.61
-0.88135593220339,1.0,1.0,0.46153846153846156,-0.5,1.0,0.5,0.8888888888888888,16.64,16.03
